-- Seed data: reference tables + 833 records
-- Run AFTER schema.sql, in Supabase SQL editor

INSERT INTO teams (name) VALUES ('Мукорез'), ('Пампура') ON CONFLICT (name) DO NOTHING;
INSERT INTO servers (name) VALUES ('152.89.28.92'), ('209.38.99.189'), ('212.192.2.76'), ('212.192.2.78') ON CONFLICT (name) DO NOTHING;
INSERT INTO sources (name) VALUES ('Bing'), ('CondorX'), ('Mediago'), ('OutBrain'), ('Taboola') ON CONFLICT (name) DO NOTHING;
INSERT INTO sellers (name) VALUES ('ZM'), ('Август'), ('Августин'), ('Аделина'), ('Бинго'), ('Бинго Нексус'), ('Бинго нексус'), ('Вайпер'), ('Дейв'), ('Джой'), ('Джуди'), ('Зокет'), ('Канье'), ('Лобби'), ('Люкс'), ('Люмос'), ('Макан'), ('Максимус'), ('Ниагара'), ('Профессионал'), ('Роззи'), ('Скрудж'), ('Тэмми'), ('Усам'), ('Хьюго'), ('Эрик') ON CONFLICT (name) DO NOTHING;
INSERT INTO statuses (name) VALUES ('Отказ'), ('Принят'), ('Модерация'), ('На стоп'), ('Правки'), ('Выдан'), ('На сортировку'), ('На отправку') ON CONFLICT (name) DO NOTHING;
INSERT INTO geos (name) VALUES ('AU'), ('Australia'), ('CA'), ('CH'), ('CZ'), ('Canada'), ('DE'), ('ES'), ('FR'), ('GB'), ('IT'), ('PL'), ('PT'), ('UK') ON CONFLICT (name) DO NOTHING;
INSERT INTO members (name, team) VALUES ('Борисов А', 'Мукорез'), ('Бумагина О', 'Пампура'), ('Волков Н', 'Пампура'), ('Головань Е', 'Мукорез'), ('Дирацуян Д', 'Мукорез'), ('Есаян Э', 'Мукорез'), ('Малимон С', 'Мукорез'), ('Масютенко С', 'Мукорез'), ('Репченко Н', 'Пампура'), ('Романенко Н', 'Пампура'), ('Серка О', 'Мукорез'), ('Форов М', 'Пампура'), ('Шепалова К', 'Пампура') ON CONFLICT (name) DO NOTHING;

INSERT INTO records (section, domain, server, geo, seller, source, team, rating, comment, free, date_taken, taker, status, sort_group) VALUES
('domains', 'limence.com', '212.192.2.78', 'GB', 'Бинго нексус', 'Taboola', 'Мукорез', '80+', '', 'В работе', '2026-04-20', 'Серка О', 'Модерация', ''),
('domains', 'cashbuffet.com', '212.192.2.78', 'GB', 'Бинго нексус', 'Taboola', 'Мукорез', '80+', '', 'В работе', '2026-04-20', 'Серка О', 'Модерация', ''),
('domains', 'runshuojx.com', '212.192.2.78', 'GB', 'Бинго', 'Taboola', 'Мукорез', '80+', '', 'В работе', '2026-04-20', 'Серка О', 'Модерация', ''),
('domains', 'kemhol.com', '212.192.2.78', 'GB', 'Аделина', 'Taboola', 'Мукорез', '80+', '', 'В работе', '2026-04-20', 'Серка О', 'Модерация', ''),
('domains', 'hashookah.com', '212.192.2.78', 'GB', 'Аделина', 'Taboola', 'Мукорез', '80+', '', 'В работе', '2026-04-20', 'Серка О', 'Модерация', ''),
('domains', 'abbeyshane.com', '212.192.2.78', 'GB', 'Люмос', 'Taboola', 'Мукорез', '80+', '', 'В работе', '2026-04-20', 'Серка О', 'Модерация', ''),
('domains', 'norapture.com', '212.192.2.78', 'GB', 'Люмос', 'Taboola', 'Мукорез', '80+', '', 'В работе', '2026-04-20', 'Серка О', 'Модерация', ''),
('domains', 'drivenfirst.com', '212.192.2.78', 'GB', 'Люмос', 'Taboola', 'Мукорез', '80+', '', 'В работе', '2026-04-20', 'Серка О', 'Модерация', ''),
('domains', 'baishechuanshuo.com', '212.192.2.78', 'GB', 'Эрик', 'Taboola', 'Мукорез', '80+', '', 'В работе', '2026-04-20', 'Серка О', 'Модерация', ''),
('domains', 'agvalve.com', '212.192.2.78', 'GB', 'Хьюго', 'Taboola', 'Мукорез', '80+', '', 'В работе', '2026-04-20', 'Серка О', 'Модерация', ''),
('domains', 'majormentoring.com', '212.192.2.78', 'GB', 'Август', 'Taboola', 'Мукорез', '80+', '', 'В работе', '2026-04-20', 'Серка О', 'Модерация', ''),
('domains', 'gloxie.com', '212.192.2.78', 'Australia', 'Август', 'Taboola', 'Мукорез', '80+', '', 'В работе', '2026-04-20', 'Серка О', 'Модерация', ''),
('domains', 'fliphint.com', '212.192.2.78', 'Australia', 'Август', 'Taboola', 'Мукорез', '80+', '', 'В работе', '2026-04-20', 'Серка О', 'Модерация', ''),
('domains', 'fudechem.com', '212.192.2.78', 'Australia', 'Август', 'Taboola', 'Мукорез', '80+', '', 'В работе', '2026-04-20', 'Серка О', 'Модерация', ''),
('domains', 'widyc.com', '212.192.2.78', 'Canada', 'Бинго Нексус', 'Taboola', 'Мукорез', '80+', '', 'В работе', '2026-04-20', 'Есаян Э', 'Модерация', ''),
('domains', 'tapirtantrum.com', '212.192.2.78', 'Canada', 'Бинго Нексус', 'Taboola', 'Мукорез', '80+', '', 'В работе', '2026-04-20', 'Есаян Э', 'Модерация', ''),
('domains', 'ataatf.com', '212.192.2.78', 'Canada', 'Бинго', 'Taboola', 'Мукорез', '80+', '', 'В работе', '2026-04-20', 'Есаян Э', 'Модерация', ''),
('domains', 'norlabonline.com', '212.192.2.78', 'GB', 'Бинго', 'Taboola', 'Мукорез', '80+', '', 'В работе', '2026-04-20', 'Есаян Э', 'Модерация', ''),
('domains', 'sindikatmbn.com', '212.192.2.78', 'GB', 'Аделина', 'Taboola', 'Мукорез', '80+', '', 'В работе', '2026-04-20', 'Есаян Э', 'Модерация', ''),
('domains', 'bluegoldusa.com', '212.192.2.78', 'GB', 'Аделина', 'Taboola', 'Мукорез', '80+', '', 'В работе', '2026-04-20', 'Есаян Э', 'Модерация', ''),
('domains', 'euglis.com', '212.192.2.78', 'GB', 'Август', 'Taboola', 'Мукорез', '80+', '', 'В работе', '2026-04-20', 'Есаян Э', 'Модерация', ''),
('domains', 'maviemusic.com', '212.192.2.78', 'GB', 'Август', 'Taboola', 'Мукорез', '80+', '', 'В работе', '2026-04-20', 'Есаян Э', 'Модерация', ''),
('domains', 'neyeka.com', '212.192.2.78', 'GB', 'Люмос', 'Taboola', 'Мукорез', '80+', '', 'В работе', '2026-04-20', 'Есаян Э', 'Модерация', ''),
('domains', 'wizardways.com', '212.192.2.78', 'GB', 'Люмос', 'Taboola', 'Мукорез', '80+', '', 'В работе', '2026-04-20', 'Есаян Э', 'Модерация', ''),
('domains', 'guesthousesedinburgh.com', '212.192.2.76', 'GB', 'Люмос', 'Taboola', 'Мукорез', '80+', '', 'В работе', '2026-04-20', 'Борисов А', 'Модерация', ''),
('domains', 'guesthousesedinburgh.com', '212.192.2.76', 'GB', 'Скрудж', 'Taboola', 'Мукорез', '80+', '', 'В работе', '2026-05-18', 'Борисов А', 'Выдан', ''),
('domains', 'fiiago.com', '212.192.2.78', 'GB', 'Люмос', 'Taboola', 'Мукорез', '80+', '', 'В работе', '2026-04-21', 'Серка О', 'Модерация', ''),
('domains', 'dccwao.com', '212.192.2.78', 'GB', 'Люмос', 'Taboola', 'Мукорез', '80+', '', 'В работе', '2026-04-21', 'Серка О', 'Модерация', ''),
('domains', 'litewick.com', '212.192.2.78', 'GB', 'Бинго', 'Taboola', 'Мукорез', '80+', '', 'В работе', '2026-04-21', 'Серка О', 'Модерация', ''),
('domains', 'blueravn.com', '212.192.2.78', 'GB', 'Бинго Нексус', 'Taboola', 'Мукорез', '80+', '', 'В работе', '2026-04-21', 'Серка О', 'Модерация', ''),
('domains', 'joinelur.com', '212.192.2.78', 'GB', 'Люмос', 'Taboola', 'Мукорез', '80+', '', 'В работе', '2026-04-21', 'Серка О', 'Модерация', ''),
('domains', 'opviha.com', '212.192.2.78', 'GB', 'Люмос', 'Taboola', 'Мукорез', '80+', '', 'В работе', '2026-04-21', 'Серка О', 'Модерация', ''),
('domains', 'lerionka.com', '212.192.2.78', 'GB', 'Аделина', 'Taboola', 'Мукорез', '80+', '', 'В работе', '2026-04-21', 'Серка О', 'Модерация', ''),
('domains', 'nhucmoi.com', '212.192.2.78', 'Australia', 'Эрик', 'Taboola', 'Мукорез', '80+', '', 'В работе', '2026-04-21', 'Серка О', 'Модерация', ''),
('domains', 'luuvien.com', '212.192.2.78', 'Australia', 'Эрик', 'Taboola', 'Мукорез', '80+', '', 'В работе', '2026-04-21', 'Серка О', 'Модерация', ''),
('domains', 'loyalingress.com', '212.192.2.78', 'Australia', 'Август', 'Taboola', 'Мукорез', '80+', '', 'В работе', '2026-04-21', 'Серка О', 'Модерация', ''),
('domains', 'wibowa.com', '212.192.2.78', 'Australia', 'Август', 'Taboola', 'Мукорез', '80+', '', 'В работе', '2026-04-21', 'Серка О', 'Модерация', ''),
('domains', 'wntconsulting.com', '212.192.2.78', 'GB', 'Роззи', 'Mediago', 'Мукорез', '80+', 'FeliciaKey2644@hotmail.com', 'В работе', '2026-04-21', 'Серка О', 'Выдан', ''),
('domains', 'hwzazhi.com', '212.192.2.78', 'GB', 'Роззи', 'Mediago', 'Мукорез', '80+', '', 'В работе', '2026-04-21', 'Серка О', 'Модерация', ''),
('domains', 'dtecmx.com', '212.192.2.78', 'GB', 'Роззи', 'Mediago', 'Мукорез', '80+', '', 'В работе', '2026-04-21', 'Серка О', 'Модерация', ''),
('domains', 'wadeyua.com', '212.192.2.78', 'GB', 'Эрик', 'Taboola', 'Мукорез', '80+', '', 'В работе', '2026-04-21', 'Серка О', 'Модерация', ''),
('domains', 'naturalantkiller.com', '212.192.2.78', 'GB', 'Эрик', 'Taboola', 'Мукорез', '80+', '', 'В работе', '2026-04-21', 'Серка О', 'Модерация', ''),
('domains', 'girassolwax.com', '212.192.2.78', 'GB', 'Бинго нексус', 'Taboola', 'Мукорез', '80+', '', 'В работе', '2026-04-21', 'Серка О', 'Модерация', ''),
('domains', 'jingdee.com', '212.192.2.78', 'Australia', 'Вайпер', 'Taboola', 'Мукорез', '80+', '', 'В работе', '2026-04-21', 'Серка О', 'Модерация', ''),
('domains', 'usstampcatalog.com', '212.192.2.76', 'DE', 'Вайпер, Макан', 'Mediago', 'Мукорез', '80+', '21.05 отправили макану', 'В работе', '2026-04-21', 'Серка О', 'Принят', ''),
('domains', 'justwalkaround.com', '212.192.2.76', 'DE', 'Вайпер, Макан', 'Mediago', 'Мукорез', '80+', '21.05 отправили макану', 'В работе', '2026-04-21', 'Серка О', 'Модерация', ''),
('domains', 'lotuselement.com', '212.192.2.76', 'DE', 'Роззи', 'Mediago', 'Мукорез', '80+', 'JasonGarrison6975@hotmail.com', 'В работе', '2026-04-21', 'Серка О', 'Модерация', ''),
('domains', 'comingforthasgold.com', '212.192.2.78', 'CA', 'Люмос', 'Taboola', 'Мукорез', '80+', '', 'В работе', '2026-04-21', 'Малимон С', 'Модерация', ''),
('domains', 'tetralysal.com', '212.192.2.78', 'CA', 'Люмос', 'Taboola', 'Мукорез', '80+', '', 'В работе', '2026-04-21', 'Малимон С', 'Модерация', ''),
('domains', 'cakedecoratingcourses.com', '212.192.2.78', 'CA', 'Люмос', 'Taboola', 'Мукорез', '80+', '', 'В работе', '2026-04-21', 'Малимон С', 'Модерация', ''),
('domains', 'devo4ki.com', '212.192.2.78', 'CA', 'Люмос', 'Taboola', 'Мукорез', '80+', '', 'В работе', '2026-04-21', 'Малимон С', 'Модерация', ''),
('domains', 'datasecuritypolicies.com', '212.192.2.78', 'CA', 'Бинго нексус', 'Taboola', 'Мукорез', '80+', 'StevenMcdonald2763@hotmail.com', 'В работе', '2026-04-21', 'Малимон С', 'Модерация', ''),
('domains', 'injectionmoldtips.com', '212.192.2.76', 'AU', 'Бинго нексус', 'Taboola', 'Мукорез', '80+', 'DavidBond3217@hotmail.com', 'В работе', '2026-04-21', 'Малимон С', 'Модерация', ''),
('domains', 'elektricar-strujic.com', '212.192.2.76', 'AU', 'Бинго нексус', 'Taboola', 'Мукорез', '80+', 'TomHill4741@hotmail.com', 'В работе', '2026-04-21', 'Малимон С', 'Модерация', ''),
('domains', 'eric-millerphotography.com', '212.192.2.78', 'AU', 'Эрик', 'Taboola', 'Мукорез', '80+', '', 'В работе', '2026-04-21', 'Малимон С', 'Модерация', ''),
('domains', 'bbwfetishpics.com', '212.192.2.78', 'AU', 'Эрик', 'Taboola', 'Мукорез', '80+', '', 'В работе', '2026-04-21', 'Малимон С', 'Модерация', ''),
('domains', 'virtual-set-works.com', '212.192.2.78', 'AU', 'Август', 'Taboola', 'Мукорез', '80+', '', 'В работе', '2026-04-21', 'Малимон С', 'Модерация', ''),
('domains', 'balileisurems.com', '212.192.2.76', 'AU', 'Август', 'Taboola', 'Мукорез', '80+', '', 'В работе', '2026-04-21', 'Малимон С', 'Модерация', ''),
('domains', '7pregnant.com', '209.38.99.189', 'FR', 'Джуди', 'Mediago', 'Пампура', '80+', '', 'В работе', '2026-04-21', 'Репченко Н', 'Модерация', ''),
('domains', '3ggw.com', '209.38.99.189', 'GB', 'Хьюго', 'Taboola', 'Пампура', '80+', '', 'В работе', '2026-04-21', 'Романенко Н', 'Модерация', ''),
('domains', 'intsecure.com', '209.38.99.189', '', '', 'Taboola', 'Пампура', '80+', '', 'В работе', '2026-04-21', 'Романенко Н', '', ''),
('domains', 'textbooks2.com', '209.38.99.189', 'GB', 'Бинго', 'Taboola', 'Пампура', '80+', 'KennethMorris5438@hotmail.com', 'В работе', '2026-04-21', 'Репченко Н', 'Модерация', ''),
('domains', 'qwertymobilephones.com', '209.38.99.189', '', '', 'Taboola', 'Пампура', '80+', '', 'В работе', '2026-04-21', 'Романенко Н', '', ''),
('domains', 'bbwadultdating.com', '209.38.99.189', 'FR', 'Эрик', 'Taboola', 'Пампура', '80+', '', 'В работе', '2026-04-21', 'Репченко Н', 'Модерация', ''),
('domains', 'knoxautosales.com', '209.38.99.189', 'FR', 'Эрик', 'Taboola', 'Пампура', '80+', '', 'В работе', '2026-04-21', 'Романенко Н', 'Модерация', ''),
('domains', 'cadyv.com', '209.38.99.189', 'GB', 'Август', 'Taboola', 'Пампура', '80+', '', 'В работе', '2026-04-21', 'Репченко Н', 'Модерация', ''),
('domains', 'alwankm.com', '212.192.2.76', 'UK', 'Хьюго', 'Taboola', 'Мукорез', '80+', '', 'В работе', '2026-04-21', 'Борисов А', 'Модерация', ''),
('domains', 'decorationforum.com', '212.192.2.76', 'UK', 'Люмос', 'Taboola', 'Мукорез', '80+', '', 'В работе', '2026-04-21', 'Борисов А', 'Модерация', ''),
('domains', 'magnetsplus.com', '212.192.2.76', 'UK', 'Люмос', 'Taboola', 'Мукорез', '80+', '', 'В работе', '2026-04-21', 'Борисов А', 'Модерация', ''),
('domains', 'ugeak.com', '212.192.2.76', 'UK', 'Люмос', 'Taboola', 'Мукорез', '80+', '', 'В работе', '2026-04-21', 'Борисов А', 'Модерация', ''),
('domains', 'goldomc.com', '212.192.2.76', 'AU', 'Бинго Нексус', 'Taboola', 'Мукорез', '80+', 'WesleyMorgan6001@hotmail.com', 'В работе', '2026-04-21', 'Борисов А', 'Модерация', ''),
('domains', 'gratajo.com', '212.192.2.76', 'UK', 'Бинго Нексус', 'Taboola', 'Мукорез', '80+', 'ChristopherRusso1039@hotmail.com', 'В работе', '2026-04-21', 'Борисов А', 'Модерация', ''),
('domains', 'oemsb.com', '212.192.2.76', 'UK', 'Бинго Нексус', 'Taboola', 'Мукорез', '80+', 'MaryRivas7695@hotmail.com', 'В работе', '2026-04-21', 'Борисов А', 'Модерация', ''),
('domains', 'yowanai.com', '212.192.2.76', 'AU', 'Эрик', 'Taboola', 'Мукорез', '80+', 'JamesMclaughlin5330@hotmail.com', 'В работе', '2026-04-21', 'Борисов А', 'Модерация', ''),
('domains', 'dijiami.com', '212.192.2.76', 'UK', 'Вайпер', 'Taboola', 'Мукорез', '80+', '', 'В работе', '2026-04-21', 'Борисов А', 'Модерация', ''),
('domains', 'mirflex.com', '212.192.2.76', 'UK', 'Вайпер', 'Taboola', 'Мукорез', '80+', '', 'В работе', '2026-04-21', 'Борисов А', 'Модерация', ''),
('domains', 'saomobi.com', '212.192.2.76', 'AU', 'Август', 'Taboola', 'Мукорез', '80+', '', 'В работе', '2026-04-21', 'Борисов А', 'Модерация', ''),
('domains', 'bbwadultdating.com', '212.192.2.78', 'UK', 'Люмос', 'Taboola', 'Мукорез', '80+', '', 'В работе', '2026-04-21', 'Есаян Э', 'Модерация', ''),
('domains', 'mesydesigns.com', '212.192.2.78', 'UK', 'Люмос', 'Taboola', 'Мукорез', '80+', '', 'В работе', '2026-04-21', 'Есаян Э', 'Модерация', ''),
('domains', 'streamsis.com', '212.192.2.78', 'UK', 'Люмос', 'Taboola', 'Мукорез', '80+', '', 'В работе', '2026-04-21', 'Есаян Э', 'Модерация', ''),
('domains', 'cathoris.com', '212.192.2.78', 'UK', 'Люмос', 'Taboola', 'Мукорез', '80+', '', 'В работе', '2026-04-21', 'Есаян Э', 'Модерация', ''),
('domains', 'kaominhui.com', '212.192.2.78', 'UK', 'Август', 'Taboola', 'Мукорез', '80+', '', 'В работе', '2026-04-21', 'Есаян Э', 'Модерация', ''),
('domains', 'plasteringnottingham.com', '212.192.2.78', 'UK', 'Август', 'Taboola', 'Мукорез', '80+', '', 'В работе', '2026-04-21', 'Есаян Э', 'Модерация', ''),
('domains', 'cosmisoft.com', '212.192.2.78', 'UK', 'Эрик', 'Taboola', 'Мукорез', '80+', '', 'В работе', '2026-04-21', 'Есаян Э', 'Модерация', ''),
('domains', 'survivalpreparation.com', '212.192.2.78', 'UK', 'Эрик', 'Taboola', 'Мукорез', '80+', '', 'В работе', '2026-04-21', 'Есаян Э', 'Модерация', ''),
('domains', 'fadvt.com', '212.192.2.78', 'UK', 'Эрик', 'Taboola', 'Мукорез', '80+', '', 'В работе', '2026-04-21', 'Есаян Э', 'Модерация', ''),
('domains', 'hostedcallcentre.com', '212.192.2.78', 'UK', 'Эрик', 'Taboola', 'Мукорез', '80+', '', 'В работе', '2026-04-21', 'Есаян Э', 'Модерация', ''),
('domains', 'yongchisuzuki.com', '212.192.2.76', 'AU', 'Люмос', 'Taboola', 'Мукорез', '80+', '', 'В работе', '2026-04-22', 'Малимон С', 'Модерация', ''),
('domains', 'reduxfilm.com', '212.192.2.76', 'AU', 'Люмос', 'Taboola', 'Мукорез', '80+', '', 'В работе', '2026-04-22', 'Малимон С', 'Модерация', ''),
('domains', 'lawattraction.com', '212.192.2.76', 'AU', 'Бинго Нексус', 'Taboola', 'Мукорез', '80+', 'MeganBeard2866@hotmail.com', 'В работе', '2026-04-22', 'Малимон С', 'Модерация', ''),
('domains', 'annegrimes.com', '212.192.2.76', 'CA', 'Бинго Нексус', 'Taboola', 'Мукорез', '80+', 'ToddAnderson6595@hotmail.com', 'В работе', '2026-04-22', 'Малимон С', 'Модерация', ''),
('domains', 'costaricablog.com', '212.192.2.76', 'CA', 'Эрик', 'Taboola', 'Мукорез', '80+', '', 'В работе', '2026-04-22', 'Малимон С', 'Модерация', ''),
('domains', 'newstarhotels.com', '212.192.2.78', 'CA', 'Джой', 'OutBrain', 'Мукорез', '80+', '', 'В работе', '2026-04-22', 'Малимон С', 'Принят', ''),
('domains', 'newwestrealty.com', '212.192.2.76', 'UK', 'Люмос', 'OutBrain', 'Мукорез', '80+', '', 'В работе', '2026-04-22', 'Серка О', 'Модерация', ''),
('domains', 'graybord.com', '212.192.2.76', 'UK', 'Люмос', 'Taboola', 'Мукорез', '80+', '', 'В работе', '2026-04-22', 'Серка О', 'Модерация', ''),
('domains', 'hasanzadeh.com', '212.192.2.76', 'UK', 'Люмос', 'Taboola', 'Мукорез', '80+', '', 'В работе', '2026-04-22', 'Серка О', 'Модерация', ''),
('domains', 'gigglehug.com', '212.192.2.76', 'UK', 'Люмос', 'Taboola', 'Мукорез', '80+', '', 'В работе', '2026-04-22', 'Серка О', 'Модерация', ''),
('domains', 'novicern.com', '212.192.2.76', 'UK', 'Вайпер', 'Taboola', 'Мукорез', '80+', '', 'В работе', '2026-04-22', 'Серка О', 'Модерация', ''),
('domains', 'mannatis.com', '212.192.2.76', 'UK', 'Вайпер', 'Taboola', 'Мукорез', '80+', '', 'В работе', '2026-04-22', 'Серка О', 'Модерация', ''),
('domains', 'rvgaulin.com', '212.192.2.76', 'UK', 'Бинго нексус', 'Taboola', 'Мукорез', '80+', 'MikaylaNguyen5431@hotmail.com', 'В работе', '2026-04-22', 'Серка О', 'Модерация', ''),
('domains', 'aeeunity.com', '212.192.2.76', 'UK', 'Бинго нексус', 'Taboola', 'Мукорез', '80+', 'GregoryVelazquez6836@hotmail.com', 'В работе', '2026-04-22', 'Серка О', 'Модерация', ''),
('domains', 'getwpdev.com', '212.192.2.76', 'AU', 'Август', 'Taboola', 'Мукорез', '80+', '', 'В работе', '2026-04-22', 'Серка О', 'Модерация', ''),
('domains', 'oxltech.com', '212.192.2.76', 'AU', 'Август', 'Taboola', 'Мукорез', '80+', '', 'В работе', '2026-04-22', 'Серка О', 'Модерация', ''),
('domains', 'aecochub.com', '212.192.2.76', 'DE', 'Вайпер', 'Mediago', 'Мукорез', '80+', '', 'В работе', '2026-04-22', 'Серка О', 'Модерация', ''),
('domains', 'aidawan.com', '212.192.2.76', 'DE', 'Роззи', 'Mediago', 'Мукорез', '80+', 'MrsMaria9773@hotmail.com', 'В работе', '2026-04-22', 'Серка О', 'Модерация', ''),
('domains', 'bocaizhi.com', '212.192.2.76', 'DE', 'Роззи', 'Mediago', 'Мукорез', '80+', 'JeffDavis1907@hotmail.com', 'В работе', '2026-04-22', 'Серка О', 'Модерация', ''),
('domains', 'wishestour.com', '212.192.2.76', 'UK', 'Люмос', 'Taboola', 'Мукорез', '80+', '', 'В работе', '2026-04-22', 'Есаян Э', 'Модерация', ''),
('domains', 'hostcheshire.com', '212.192.2.76', 'UK', 'Люмос', 'Taboola', 'Мукорез', '80+', '', 'В работе', '2026-04-22', 'Есаян Э', 'Модерация', ''),
('domains', 'natecake.com', '212.192.2.76', 'UK', 'Люмос', 'Taboola', 'Мукорез', '80+', '', 'В работе', '2026-04-22', 'Есаян Э', 'Модерация', ''),
('domains', 'apathus.com', '212.192.2.76', 'UK', 'Вайпер', 'Taboola', 'Мукорез', '80+', '', 'В работе', '2026-04-22', 'Есаян Э', 'Модерация', ''),
('domains', 'clarifeyes.com', '212.192.2.76', 'UK', 'Бинго нексус', 'Taboola', 'Мукорез', '80+', 'RhondaPatterson4888@hotmail.com', 'В работе', '2026-04-22', 'Есаян Э', 'Модерация', ''),
('domains', 'aljeans.com', '212.192.2.76', 'AU', 'Август', 'Taboola', 'Мукорез', '80+', '', 'В работе', '2026-04-22', 'Есаян Э', 'Модерация', ''),
('domains', 'caprihose.com', '212.192.2.76', 'AU', 'Август', 'Taboola', 'Мукорез', '80+', '', 'В работе', '2026-04-22', 'Есаян Э', 'Модерация', ''),
('domains', 'rteba.com', '212.192.2.78', 'UK', 'Бинго', 'Taboola', 'Мукорез', '80+', 'SaraJacobs4793@hotmail.com', 'В работе', '2026-04-22', 'Есаян Э', 'Модерация', ''),
('domains', 'fwread.com', '212.192.2.78', 'UK', 'Бинго нексус', 'Taboola', 'Мукорез', '80+', 'DonSmith2926@hotmail.com', 'В работе', '2026-04-22', 'Есаян Э', 'Модерация', ''),
('domains', 'lissaji.com', '212.192.2.78', 'UK', 'Бинго нексус', 'Taboola', 'Мукорез', '80+', 'JamesProctor7511@hotmail.com', 'В работе', '2026-04-22', 'Есаян Э', 'Модерация', ''),
('domains', 'keepingpeaceinthefamily.com', '212.192.2.76', 'AU', 'Эрик', 'Taboola', 'Мукорез', '80+', '', 'В работе', '2026-04-22', 'Головань Е', 'Модерация', ''),
('domains', 'bulkpinger.com', '212.192.2.78', 'AU', 'Эрик', 'Taboola', 'Мукорез', '80+', '', 'В работе', '2026-04-22', 'Головань Е', 'Модерация', ''),
('domains', 'toddbohlen.com', '212.192.2.76', 'UK', 'Усам, Канье', 'Taboola', 'Мукорез', '80+', 'реджект усам, отдаем канье 
aintzanemiro44@proton.me', 'В работе', '2026-04-22', 'Головань Е', 'Модерация', ''),
('domains', 'kyeelai.com', '212.192.2.76', 'FR', 'Усам, Канье', 'Taboola', 'Мукорез', '80+', 'реджект усам, отдаем канье 
chiyoebershoff55@proton.me', 'В работе', '2026-04-22', 'Головань Е', 'Модерация', ''),
('domains', 'lwowek.com', '212.192.2.78', 'AU', 'Роззи, Профессионал', 'Mediago', 'Мукорез', '80+', 'KerryWilliams6073@hotmail.com направили профессионалу 21.05', 'В работе', '2026-04-22', 'Головань Е', 'Модерация', ''),
('domains', 'berrienweb.com', '212.192.2.78', 'DE', 'Роззи', 'Mediago', 'Мукорез', '80+', 'LaurenStone4141@hotmail.com', 'В работе', '2026-04-22', 'Головань Е', 'Модерация', ''),
('domains', 'sculpturesindia.com', '212.192.2.78', 'GB', 'Роззи', 'Mediago', 'Мукорез', '80+', 'JosephHernandez1650@hotmail.com', 'В работе', '2026-04-22', 'Головань Е', 'Модерация', ''),
('domains', 'ghettomix.com', '209.38.99.189', '', '', 'Taboola', 'Пампура', '60-79', '', 'В работе', '2026-04-22', 'Репченко Н', '', ''),
('domains', 'itdell.com', '209.38.99.189', 'GB', 'Джой', 'OutBrain', 'Пампура', '60-79', '', 'В работе', '2026-04-22', 'Репченко Н', 'Модерация', ''),
('domains', 'earworksinc.com', '209.38.99.189', 'FR', 'Джой', 'Mediago', 'Пампура', '60-79', '', 'В работе', '2026-04-22', 'Репченко Н', 'Модерация', ''),
('domains', 'prysez.com', '212.192.2.76', 'GB', 'Люмос', 'Taboola', 'Мукорез', '80+', '', 'В работе', '2026-04-22', 'Головань Е', 'Модерация', ''),
('domains', 'irisdx.com', '212.192.2.76', 'GB', 'Август', 'Taboola', 'Мукорез', '80+', '', 'В работе', '2026-04-22', 'Головань Е', 'Модерация', ''),
('domains', 'bdeos.com', '212.192.2.78', 'DE', 'Люмос', 'Taboola', 'Мукорез', '60-79', '', 'В работе', '2026-04-23', 'Головань Е', 'Модерация', ''),
('domains', 'budrd.com', '212.192.2.76', 'DE', 'Август', 'Taboola', 'Мукорез', '80+', '', 'В работе', '2026-04-23', 'Головань Е', 'Модерация', ''),
('domains', 'hydroy.com', '212.192.2.76', 'GB', 'Роззи', 'Taboola', 'Мукорез', '60-79', 'IanKing4606@hotmail.com', 'В работе', '2026-04-23', 'Головань Е', 'Модерация', ''),
('domains', 'websiterelay.com', '212.192.2.76', 'GB', 'Люкс', 'Taboola', 'Мукорез', '80+', 'mimireavesld44096@hotmail.com', 'В работе', '2026-04-23', 'Серка О', 'Принят', ''),
('domains', 'eagletransrowlett.com', '212.192.2.76', 'GB', 'Август', 'Taboola', 'Мукорез', '80+', '', 'В работе', '2026-04-23', 'Серка О', 'Модерация', ''),
('domains', 'ajwinn.com', '212.192.2.76', 'AU', 'Люмос', 'Taboola', 'Мукорез', '80+', '', 'В работе', '2026-04-23', 'Серка О', 'Модерация', ''),
('domains', 'amandinedek.com', '212.192.2.76', 'GB', 'Люмос', 'OutBrain', 'Мукорез', '80+', '', 'В работе', '2026-04-23', 'Серка О', 'Модерация', ''),
('domains', 'nitrovi.com', '212.192.2.76', 'GB', 'Люмос', 'OutBrain', 'Мукорез', '80+', '', 'В работе', '2026-04-23', 'Серка О', 'Модерация', ''),
('domains', 'sneebers.com', '212.192.2.76', 'GB', 'Хьюго', 'OutBrain', 'Мукорез', '80+', '', 'В работе', '2026-04-23', 'Серка О', 'Модерация', ''),
('domains', 'thermaxrentals.com', '209.38.99.189', 'GB', 'Бинго', 'Taboola', 'Пампура', '60-79', 'MichaelRobertson4378@hotmail.com', 'В работе', '2026-04-23', 'Репченко Н', 'Модерация', ''),
('domains', 'teenzhardcore.com', '209.38.99.189', 'FR', 'Люмос', 'Taboola', 'Пампура', '60-79', '', 'В работе', '2026-04-23', 'Репченко Н', 'Модерация', ''),
('domains', 'bangedteenies.com', '209.38.99.189', 'FR', 'Хьюго', 'Taboola', 'Пампура', '60-79', '', 'В работе', '2026-04-23', 'Репченко Н', 'Модерация', ''),
('domains', 'elreyweb.com', '212.192.2.76', 'GB', 'Люмос', 'OutBrain', 'Мукорез', '80+', '', 'В работе', '2026-04-23', 'Есаян Э', 'Модерация', ''),
('domains', 'binatonetelecom.com', '212.192.2.76', 'GB', 'Хьюго', 'OutBrain', 'Мукорез', '80+', '', 'В работе', '2026-04-23', 'Есаян Э', 'Модерация', ''),
('domains', 'communitystorybook.com', '212.192.2.76', 'AU', 'Бинго', 'Taboola', 'Мукорез', '80+', 'CoreyRhodes5863@hotmail.com', 'В работе', '2026-04-23', 'Есаян Э', 'Модерация', ''),
('domains', 'fantasysportsgab.com', '212.192.2.76', 'CH', 'Люкс', 'Taboola', 'Мукорез', '80+', '', 'В работе', '2026-04-23', 'Есаян Э', 'Модерация', ''),
('domains', 'nobrainersdiet.com', '212.192.2.78', 'CH', 'Эрик', 'Taboola', 'Мукорез', '60-79', '', 'В работе', '2026-04-23', 'Есаян Э', 'Модерация', ''),
('domains', 'gutbustersigns.com', '212.192.2.78', 'GB', 'Люмос', 'Taboola', 'Мукорез', '60-79', '', 'В работе', '2026-04-23', 'Есаян Э', 'Модерация', ''),
('domains', 'nobrainersigns.com', '212.192.2.78', 'GB', 'Люмос', 'Taboola', 'Мукорез', '60-79', '', 'В работе', '2026-04-23', 'Есаян Э', 'Модерация', ''),
('domains', 'goofysigns.com', '212.192.2.76', 'GB', 'Бинго Нексус', 'Taboola', 'Мукорез', '60-79', 'BrandonBrown6476@hotmail.com', 'В работе', '2026-04-23', 'Есаян Э', 'Модерация', ''),
('domains', 'nobrainersguide.com', '212.192.2.76', 'GB', 'Бинго нексус', 'Taboola', 'Мукорез', '60-79', 'JonathanBean6586@hotmail.com', 'В работе', '2026-04-23', 'Есаян Э', 'Модерация', ''),
('domains', 'christineandjef.com', '212.192.2.76', 'AU', 'Бинго нексус', 'Taboola', 'Мукорез', '60-79', 'MollyPeck1271@hotmail.com', 'В работе', '2026-04-24', 'Борисов А', 'Модерация', ''),
('domains', 'gakaa.com', '212.192.2.76', 'AU', 'Бинго нексус', 'Taboola', 'Мукорез', '60-79', 'AmyWilliams2912@hotmail.com', 'В работе', '2026-04-24', 'Борисов А', 'Модерация', ''),
('domains', 'daytonirlp.com', '212.192.2.76', 'AU', 'Вайпер', 'Taboola', 'Мукорез', '60-79', '', 'В работе', '2026-04-24', 'Борисов А', 'Модерация', ''),
('domains', 'inetwebcoop.com', '212.192.2.76', 'AU', 'Эрик', 'Taboola', 'Мукорез', '60-79', '', 'В работе', '2026-04-24', 'Борисов А', 'Модерация', ''),
('domains', 'soidergi.com', '212.192.2.76', 'CA', '', 'Taboola', 'Мукорез', '60-79', 'жду ответ', 'В работе', NULL, 'Борисов А', '', ''),
('domains', 'morrowtribe.com', '212.192.2.76', 'AU', 'Люкс', 'Taboola', 'Мукорез', '60-79', '', 'В работе', '2026-04-24', 'Борисов А', 'Модерация', ''),
('domains', 'birdshavenfarms.com', '212.192.2.78', 'CA', 'Тэмми', 'Taboola', 'Мукорез', '60-79', '', 'В работе', '2026-04-24', 'Малимон С', 'Модерация', ''),
('domains', 'recentpicks.com', '212.192.2.78', 'CA', 'Тэмми', 'Taboola', 'Мукорез', '60-79', '', 'В работе', '2026-04-24', 'Малимон С', 'Модерация', ''),
('domains', 'annualcalendars.com', '212.192.2.78', 'AU', 'Канье', 'Taboola', 'Мукорез', '60-79', '', 'В работе', '2026-04-24', 'Малимон С', 'Модерация', ''),
('domains', 'dentistportage.com', '212.192.2.78', 'AU', 'Канье', 'Taboola', 'Мукорез', '60-79', '', 'В работе', '2026-04-24', 'Малимон С', 'Модерация', ''),
('domains', 'webwarm.com', '212.192.2.76', 'AU', 'Усам', 'Taboola', 'Мукорез', '60-79', '', 'В работе', '2026-04-24', 'Головань Е', 'Модерация', ''),
('domains', 'apkrich.com', '212.192.2.76', 'AU', 'Тэмми', 'Taboola', 'Мукорез', '60-79', '', 'В работе', '2026-04-24', 'Головань Е', 'Модерация', ''),
('domains', 'murraad.com', '212.192.2.76', 'AU', 'Тэмми', 'Taboola', 'Мукорез', '60-79', '', 'В работе', '2026-04-24', 'Головань Е', 'Модерация', ''),
('domains', 'tigershirts.com', '212.192.2.76', 'AU', 'Тэмми', 'Taboola', 'Мукорез', '60-79', '', 'В работе', '2026-04-24', 'Головань Е', 'Модерация', ''),
('domains', 'link-jobs.com', '212.192.2.76', 'AU', 'Люмос', 'Taboola', 'Мукорез', '60-79', '', 'В работе', '2026-04-24', 'Головань Е', 'Модерация', ''),
('domains', 'webajaib.com', '212.192.2.76', 'AU', 'Люмос', 'Taboola', 'Мукорез', '60-79', '', 'В работе', '2026-04-24', 'Головань Е', 'Модерация', ''),
('domains', 'ibsportal.com', '212.192.2.76', 'AU', 'Бинго Нексус', 'Taboola', 'Мукорез', '60-79', 'MirandaDuffy5578@hotmail.com', 'В работе', '2026-04-24', 'Головань Е', 'Модерация', ''),
('domains', 'msbye.com', '212.192.2.76', 'AU', 'Усам', 'Taboola', 'Мукорез', '60-79', '', 'В работе', '2026-04-24', 'Головань Е', 'Модерация', ''),
('domains', 'makuez.com', '212.192.2.76', 'GB', 'Канье', 'Taboola', 'Мукорез', '60-79', '', 'В работе', '2026-04-24', 'Головань Е', 'Модерация', ''),
('domains', 'leadslane.com', '212.192.2.76', 'GB', 'Канье', 'Taboola', 'Мукорез', '60-79', '', 'В работе', '2026-04-24', 'Головань Е', 'Модерация', ''),
('domains', 'pvlua.com', '212.192.2.76', 'GB', 'Канье', 'Taboola', 'Мукорез', '60-79', '', 'В работе', '2026-04-24', 'Головань Е', 'Модерация', ''),
('domains', 'tolsh.com', '212.192.2.76', 'GB', 'Канье', 'Taboola', 'Мукорез', '60-79', '', 'В работе', '2026-04-24', 'Головань Е', 'Модерация', ''),
('domains', 'habands.com', '212.192.2.76', 'GB', 'Канье', 'Taboola', 'Мукорез', '60-79', '', 'В работе', '2026-04-24', 'Головань Е', 'Модерация', ''),
('domains', 'pjoewoo.com', '212.192.2.76', 'GB', 'Тэмми', 'Taboola', 'Мукорез', '60-79', '', 'В работе', '2026-04-24', 'Головань Е', 'Модерация', ''),
('domains', 'zcres.com', '212.192.2.76', 'GB', 'Тэмми', 'Taboola', 'Мукорез', '60-79', '', 'В работе', '2026-04-24', 'Головань Е', 'Модерация', ''),
('domains', 'xackym.com', '212.192.2.76', 'GB', 'Тэмми', 'Taboola', 'Мукорез', '60-79', '', 'В работе', '2026-04-24', 'Головань Е', 'Модерация', ''),
('domains', 'shabbyhut.com', '209.38.99.189', 'FR', 'Бинго Нексус', 'Taboola', 'Пампура', '60-79', 'RachelCantrell8289@hotmail.com', 'В работе', '2026-04-24', 'Волков Н', 'Модерация', ''),
('domains', 'danielsavignac.com', '209.38.99.189', 'FR', 'Хьюго', 'Taboola', 'Пампура', '60-79', '', 'В работе', '2026-04-24', 'Волков Н', 'Модерация', ''),
('domains', 'plugyourproduct.com', '209.38.99.189', 'FR', 'Эрик', 'Taboola', 'Пампура', '60-79', '', 'В работе', '2026-04-24', 'Волков Н', 'Модерация', ''),
('domains', 'dulcex.com', '209.38.99.189', 'CZ', 'Люмос', 'Taboola', 'Пампура', '60-79', '', 'В работе', '2026-04-24', 'Волков Н', 'Модерация', ''),
('domains', 'pskizba.com', '209.38.99.189', 'FR', 'Джуди', 'Taboola', 'Пампура', '60-79', '', 'В работе', '2026-04-24', 'Волков Н', 'Модерация', ''),
('domains', 'trimblecrossing.com', '209.38.99.189', 'FR', 'Макан', 'Taboola', 'Пампура', '60-79', '', 'В работе', '2026-04-24', 'Волков Н', 'Модерация', ''),
('domains', 'gendertimes.com', '209.38.99.189', 'CZ', 'Джуди', 'Taboola', 'Пампура', '60-79', '', 'В работе', '2026-04-24', 'Волков Н', 'Модерация', ''),
('domains', 'leadersbulletin.com', '209.38.99.189', 'CZ', '', 'Taboola', 'Пампура', '60-79', '', 'В работе', '2026-04-24', 'Волков Н', '', ''),
('domains', 'radioquebuena.com', '209.38.99.189', 'CZ', '', 'Taboola', 'Пампура', '60-79', '', 'В работе', '2026-04-24', 'Волков Н', '', ''),
('domains', 'hmiramare.com', '209.38.99.189', '', '', 'Taboola', 'Пампура', '60-79', '', 'В работе', '2026-04-24', 'Репченко Н', '', ''),
('domains', 'hulutou.com', '209.38.99.189', '', '', 'Taboola', 'Пампура', '60-79', '', 'В работе', '2026-04-24', 'Репченко Н', '', ''),
('domains', 'andrewchao.com', '212.192.2.76', 'GB', 'Тэмми', 'Taboola', 'Мукорез', '60-79', '', 'В работе', '2026-04-27', 'Борисов А', 'Модерация', ''),
('domains', 'docate.com', '212.192.2.76', 'GB', 'Люмос, Скрудж', 'Taboola', 'Мукорез', '60-79', '22.05 отдали скруджу', 'В работе', '2026-04-27', 'Борисов А', 'Модерация', ''),
('domains', 'toonsdrawings.com', '212.192.2.76', 'GB', 'Люмос', 'Taboola', 'Мукорез', '60-79', '', 'В работе', '2026-04-27', 'Борисов А', 'Модерация', ''),
('domains', 'maternitymodel.com', '209.38.99.189', 'CZ', '', 'Taboola', 'Пампура', '60-79', '', 'В работе', '2026-04-27', 'Шепалова К', '', ''),
('domains', 'mercidaniel.com', '209.38.99.189', 'GB', 'Хьюго', 'OutBrain', 'Пампура', '60-79', '', 'В работе', '2026-04-27', 'Репченко Н', 'Модерация', ''),
('domains', 'contactspider.com', '209.38.99.189', 'CZ', '', 'Taboola', 'Пампура', '60-79', '', 'В работе', '2026-04-27', 'Шепалова К', '', ''),
('domains', 'canadianvideos.com', '209.38.99.189', 'GB', '', 'Taboola', 'Пампура', '60-79', '', 'В работе', '2026-04-27', 'Шепалова К', '', ''),
('domains', 'causesofeczema.com', '212.192.2.78', 'GB', 'Профессионал', 'Taboola', 'Мукорез', '60-79', '', 'В работе', '2026-05-21', 'Головань Е', 'Модерация', ''),
('domains', 'causesofeczema.com', '212.192.2.78', 'GB', 'Роззи', 'Mediago', 'Мукорез', '60-79', 'был у Джуди поменяли на Роззи (RobbyHoffman6189@hotmail.com)', 'В работе', '2026-05-25', 'Головань Е', 'Модерация', ''),
('domains', 'causesofeczema.com', '212.192.2.78', 'GB', 'Ниагара', 'OutBrain', 'Мукорез', '60-79', '', 'В работе', '2026-05-21', 'Головань Е', 'Принят', ''),
('domains', 'jazzmanagement.com', '212.192.2.78', 'GB', 'Август', 'Taboola', 'Мукорез', '60-79', '', 'В работе', '2026-05-21', 'Головань Е', 'Модерация', ''),
('domains', 'jazzmanagement.com', '212.192.2.78', 'GB', 'Роззи', 'Mediago', 'Мукорез', '60-79', 'был у Джуди поменяли на Роззи', 'В работе', '2026-05-25', 'Головань Е', 'Модерация', ''),
('domains', 'jazzmanagement.com', '212.192.2.78', 'GB', 'Эрик', 'OutBrain', 'Мукорез', '60-79', '', 'В работе', '2026-05-21', 'Головань Е', 'Модерация', ''),
('domains', 'znanekobiety.com', '212.192.2.78', 'GB', 'Джуди', 'Taboola', 'Мукорез', '60-79', '', 'В работе', '2026-05-21', 'Головань Е', 'Модерация', ''),
('domains', 'znanekobiety.com', '212.192.2.78', 'GB', 'Люкс', 'Mediago', 'Мукорез', '60-79', 'JaniceHarmon2647@hotmail.com', 'В работе', '2026-05-21', 'Головань Е', 'Модерация', ''),
('domains', 'znanekobiety.com', '212.192.2.78', 'GB', 'Макан', 'OutBrain', 'Мукорез', '60-79', '', 'В работе', '2026-05-21', 'Головань Е', 'Модерация', ''),
('domains', 'nicenylonfetish.com', '212.192.2.78', '', '', '', 'Мукорез', '60-79', '', 'В работе', NULL, '', '', ''),
('domains', 'gumug.com', '212.192.2.78', 'GB', 'Скрудж', 'Taboola', 'Мукорез', '60-79', 'AlyssaRusnak62639@hotmail.com ретжект после апрува и оплаты
Причина: высокий риск', 'В работе', NULL, 'Головань Е', 'Отказ', ''),
('domains', 'webhostcoop.com', '212.192.2.78', 'GB', '', '', 'Мукорез', '60-79', '', 'В работе', NULL, 'Головань Е', '', ''),
('domains', 'crossdressingmenpics.com', '212.192.2.78', 'GB', 'Люмос', 'Taboola', 'Мукорез', '80+', '', 'В работе', '2026-04-27', 'Серка О', 'Модерация', ''),
('domains', 'thailandcoupons.com', '212.192.2.76', 'GB', 'Август', 'Taboola', 'Мукорез', '80+', '', 'В работе', '2026-04-27', 'Серка О', 'Модерация', ''),
('domains', 'thuocxoang.com', '212.192.2.76', 'GB', 'Август', 'Taboola', 'Мукорез', '80+', '', 'В работе', '2026-04-27', 'Серка О', 'Модерация', ''),
('domains', 'haoaidao.com', '212.192.2.78', 'GB', 'Август', 'Taboola', 'Мукорез', '80+', '', 'В работе', '2026-04-27', 'Серка О', 'Модерация', ''),
('domains', 'chazonresources.com', '212.192.2.76', 'GB', 'Люмос', 'Taboola', 'Мукорез', '80+', '', 'В работе', '2026-04-27', 'Серка О', 'Модерация', ''),
('domains', 'babesbbque.com', '212.192.2.76', 'DE', 'Роззи', 'Mediago', 'Мукорез', '80+', 'scricriphaca@proton.me', 'В работе', '2026-04-27', 'Серка О', 'Модерация', ''),
('domains', 'hurthub.com', '212.192.2.78', 'GB', 'Люмос', 'Taboola', 'Мукорез', '80+', '', 'В работе', '2026-04-27', 'Серка О', 'Модерация', ''),
('domains', 'gokhantufan.com', '212.192.2.76', 'DE', 'Роззи', 'Mediago', 'Мукорез', '80+', 'toshriemiibaf@proton.me', 'В работе', '2026-04-27', 'Серка О', 'Модерация', ''),
('domains', 'fedelespain.com', '209.38.99.189', '', 'Роззи', 'Taboola', 'Пампура', '80+', '', 'В работе', NULL, 'Романенко Н', 'Модерация', ''),
('domains', 'starbucky.com', '212.192.2.76', 'UK', 'Люмос', 'Taboola', 'Мукорез', '60-79', '', 'В работе', '2026-04-27', 'Масютенко С', 'Модерация', ''),
('domains', 'cpuholders.com', '212.192.2.76', 'UK', 'Бинго Нексус', 'Taboola', 'Мукорез', '60-79', 'arsepcibang@proton.me', 'В работе', '2026-04-27', 'Масютенко С', 'Модерация', ''),
('domains', 'iitforum.com', '209.38.99.189', 'DE', 'Макан', 'Taboola', 'Пампура', '60-79', '', 'В работе', '2026-04-27', 'Форов М', 'Модерация', ''),
('domains', 'brunobreloaded.com', '209.38.99.189', 'DE', 'Джуди', 'Taboola', 'Пампура', '60-79', 'NormanScott7252@hotmail.com', 'В работе', '2026-04-27', 'Форов М', 'Принят', ''),
('domains', 'peerlesspearls.com', '209.38.99.189', 'DE', 'Август', 'Taboola', 'Пампура', '60-79', '', 'В работе', '2026-04-27', 'Форов М', 'Модерация', ''),
('domains', 'midamgrain.com', '209.38.99.189', 'DE', 'Профессионал', 'Taboola', 'Пампура', '60-79', '', 'В работе', '2026-04-27', 'Форов М', 'Модерация', ''),
('domains', 'theshipmodels.com', '209.38.99.189', 'FR', 'Люмос', 'Taboola', 'Пампура', '60-79', '', 'В работе', '2026-04-27', 'Романенко Н', 'Модерация', ''),
('domains', 'octoberbeads.com', '209.38.99.189', 'GB', 'Август', 'Taboola', 'Пампура', '60-79', '', 'В работе', '2026-04-27', 'Романенко Н', 'Модерация', ''),
('domains', 'creteart.com', '209.38.99.189', 'FR', 'Бинго', 'Taboola', 'Пампура', '60-79', 'JenniferColon1118@hotmail.com', 'В работе', '2026-04-27', 'Романенко Н', 'Модерация', ''),
('domains', 'miriads.com', '209.38.99.189', '', '', 'Taboola', 'Пампура', '80+', '', 'В работе', '2026-04-27', 'Форов М', '', ''),
('domains', 'personalized-key-chains.com', '209.38.99.189', 'ES', 'Профессионал', 'Taboola', 'Пампура', '80+', '', 'В работе', '2026-04-27', 'Форов М', 'Модерация', ''),
('domains', 'naturalsoaks.com', '209.38.99.189', 'ES', 'Макан', 'Taboola', 'Пампура', '60-79', '', 'В работе', '2026-04-27', 'Форов М', 'Модерация', ''),
('domains', 'asiarailway.com', '209.38.99.189', 'ES', 'Бинго Нексус', 'Taboola', 'Пампура', '60-79', '', 'В работе', '2026-04-27', 'Форов М', 'Модерация', ''),
('domains', 'theimagingstore.com', '209.38.99.189', 'FR', 'Люмос', 'OutBrain', 'Пампура', '60-79', '', 'В работе', '2026-04-27', 'Романенко Н', 'Модерация', ''),
('domains', 'voiptelefonia.com', '209.38.99.189', 'GB', 'Аделина', 'OutBrain', 'Пампура', '60-79', 'crefakuizeboe@proton.me', 'В работе', '2026-04-27', 'Романенко Н', 'Выдан', ''),
('domains', 'costumeswigs.com', '209.38.99.189', 'FR', 'Роззи', 'OutBrain', 'Пампура', '60-79', 'loweorkoiyo@proton.me', 'В работе', '2026-04-27', 'Романенко Н', 'Выдан', ''),
('domains', 'grtsol.com', '209.38.99.189', 'FR', 'Роззи', 'OutBrain', 'Пампура', '60-79', 'elsyosahrofei@proton.me', 'В работе', '2026-04-27', 'Романенко Н', 'Выдан', ''),
('domains', 'caojiaoshou.com', '209.38.99.189', 'GB', 'Аделина', 'OutBrain', 'Пампура', '80+', 'brooocboyorac@proton.me', 'В работе', '2026-04-27', 'Романенко Н', 'Выдан', ''),
('domains', 'ins-mark.com', '209.38.99.189', '', '', 'Taboola', 'Пампура', '60-79', '', 'В работе', '2026-04-27', 'Бумагина О', '', ''),
('domains', 'tubetickets.com', '209.38.99.189', '', '', 'Taboola', 'Пампура', '60-79', '', 'В работе', '2026-04-27', 'Шепалова К', '', ''),
('domains', 'africarecords.com', '209.38.99.189', 'PT', 'Джуди', 'Mediago', 'Пампура', '60-79', '', 'В работе', '2026-04-27', 'Шепалова К', 'Модерация', ''),
('domains', 'xtockphoto.com', '209.38.99.189', 'PL', 'Бинго Нексус', 'Taboola', 'Пампура', '60-79', 'GlennChen2191@hotmail.com', 'В работе', '2026-04-27', 'Бумагина О', 'Модерация', ''),
('domains', 'bgexcavating.com', '209.38.99.189', 'FR', 'Макан', 'OutBrain', 'Пампура', '60-79', '', 'В работе', '2026-04-28', 'Репченко Н', 'Модерация', ''),
('domains', 'dentisthawaii.com', '212.192.2.78', 'AU', 'Макан', 'Taboola', 'Мукорез', '60-79', '', 'В работе', '2026-04-27', 'Масютенко С', 'Модерация', ''),
('domains', 'disasternursing.com', '212.192.2.76', 'AU', 'Макан', 'Taboola', 'Мукорез', '60-79', '', 'В работе', '2026-04-27', 'Масютенко С', 'Модерация', ''),
('domains', 'hannahhooper.com', '212.192.2.76', 'UK', 'Люмос', 'Taboola', 'Мукорез', '80+', '', 'В работе', '2026-04-27', 'Масютенко С', 'Модерация', ''),
('domains', 'sepyebonstrome.com', '212.192.2.76', 'UK', 'Люмос', 'Taboola', 'Мукорез', '80+', '', 'В работе', '2026-04-27', 'Масютенко С', 'Модерация', ''),
('domains', 'ledrider.com', '212.192.2.76', 'UK', 'Люмос', 'Taboola', 'Мукорез', '80+', '', 'В работе', '2026-04-27', 'Масютенко С', 'Модерация', ''),
('domains', 'gagmad.com', '212.192.2.76', 'AU', 'Бинго Нексус', 'Taboola', 'Мукорез', '80+', 'teluiigrof@proton.me', 'В работе', '2026-04-27', 'Масютенко С', 'Модерация', ''),
('domains', 'lbnaootp.com', '212.192.2.76', 'AU', 'Эрик', 'Taboola', 'Мукорез', '80+', '', 'В работе', '2026-04-27', 'Масютенко С', 'Модерация', ''),
('domains', 'jiovt.com', '212.192.2.76', 'AU', 'Август', 'Taboola', 'Мукорез', '80+', '', 'В работе', '2026-04-27', 'Масютенко С', 'Модерация', ''),
('domains', 'rdmayc.com', '212.192.2.76', 'UK', 'Люкс', 'Taboola', 'Мукорез', '80+', 'keckteohiote@proton.me', 'В работе', '2026-04-27', 'Масютенко С', 'Модерация', ''),
('domains', 'thephotomd.com', '212.192.2.78', 'AU', 'Бинго', 'Taboola', 'Мукорез', '60-79', 'niwhiaajoe@proton.me', 'В работе', '2026-04-28', 'Серка О', 'Модерация', ''),
('domains', 'hardcoreasia.com', '212.192.2.78', 'AU', 'Бинго Нексус', 'Taboola', 'Мукорез', '60-79', 'hoperbresnels@proton.me', 'В работе', '2026-04-28', 'Серка О', 'Модерация', ''),
('domains', 'cnetdownloads.com', '212.192.2.76', 'AU', 'Тэмми', 'Taboola', 'Мукорез', '60-79', '', 'В работе', '2026-04-28', 'Серка О', 'Модерация', ''),
('domains', 'mnhomeonthelake.com', '212.192.2.76', 'GB', 'Люмос', 'Taboola', 'Мукорез', '60-79', '', 'В работе', '2026-04-28', 'Серка О', 'Модерация', ''),
('domains', 'boggsman.com', '212.192.2.76', 'GB', 'Макан', 'Taboola', 'Мукорез', '60-79', '', 'В работе', '2026-04-28', 'Серка О', 'Модерация', ''),
('domains', 'tattoovibes.com', '212.192.2.76', 'DE', 'Джой', 'Mediago', 'Мукорез', '80+', 'https://gyazo.com/319130978ad306d0fc3ee1c0ad636406', 'В работе', '2026-04-28', 'Серка О', 'Модерация', ''),
('domains', 'linksbasket.com', '212.192.2.76', 'DE', 'Августин', 'Mediago', 'Мукорез', '80+', '', 'В работе', '2026-04-28', 'Серка О', 'Модерация', ''),
('domains', 'faqsoft.com', '212.192.2.76', 'CA', 'Бинго Нексус', 'Taboola', 'Мукорез', '60-79', 'rindyprifiner@proton.me', 'В работе', '2026-04-28', 'Борисов А', 'Модерация', ''),
('domains', 'tenmienrieng.com', '212.192.2.78', 'CA', 'Роззи', 'Mediago', 'Мукорез', '60-79', 'ohnicioneufville16@proton.me', 'В работе', '2026-04-28', 'Борисов А', 'Модерация', ''),
('domains', 'pcysiciangroup.com', '212.192.2.76', 'CA', 'Бинго', 'Taboola', 'Мукорез', '60-79', 'alvernaseniff45@proton.me', 'В работе', '2026-04-28', 'Борисов А', 'Модерация', ''),
('domains', 'gettingridofacne.com', '212.192.2.78', 'CA', 'Эрик', 'Taboola', 'Мукорез', '80+', '', 'В работе', '2026-04-28', 'Борисов А', 'Модерация', ''),
('domains', 'fairbankscommunitycenter.com', '212.192.2.76', 'DE', 'Джой', 'Mediago', 'Мукорез', '80+', '', 'В работе', '2026-04-28', 'Борисов А', 'Модерация', ''),
('domains', 'playingwithtoni.com', '212.192.2.78', 'UK', 'Роззи', 'Mediago', 'Мукорез', '80+', 'liannaduenas58@proton.me', 'В работе', '2026-04-28', 'Головань Е', 'Модерация', ''),
('domains', 'freshlifeeaster.com', '212.192.2.78', 'AU', 'Роззи', 'Mediago', 'Мукорез', '80+', 'calanthearias56@proton.me', 'В работе', '2026-04-28', 'Головань Е', 'Модерация', ''),
('domains', 'uivwa.com', '212.192.2.78', 'UK', 'Усам', 'Mediago', 'Мукорез', '80+', '', 'В работе', '2026-04-28', 'Головань Е', 'Модерация', ''),
('domains', 'oscarwhey.com', '212.192.2.78', 'DE', 'Усам', 'Mediago', 'Мукорез', '80+', '', 'В работе', '2026-04-28', 'Головань Е', 'Модерация', ''),
('domains', 'baristasecrets.com', '212.192.2.78', 'DE', 'Джой', 'Mediago', 'Мукорез', '80+', '', 'В работе', '2026-04-28', 'Головань Е', 'Модерация', ''),
('domains', 'diseccionmoon.com', '212.192.2.78', 'AU', 'Джой', 'Mediago', 'Мукорез', '80+', '', 'В работе', '2026-04-28', 'Головань Е', 'Модерация', ''),
('domains', 'frosty-intellect.com', '', 'DE', 'Люмос', 'OutBrain', 'Мукорез', '0', '', 'В работе', '2026-04-28', 'Малимон С', 'Модерация', ''),
('domains', 'clarion-shard.com', '', 'DE', 'Люмос', 'OutBrain', 'Мукорез', '0', '', 'В работе', '2026-04-28', 'Малимон С', 'Модерация', ''),
('domains', 'phantom-reef.com', '', 'DE', 'Люмос', 'OutBrain', 'Мукорез', '0', '', 'В работе', '2026-04-28', 'Малимон С', 'Модерация', ''),
('domains', 'synapse-shield.com', '', 'DE', 'Джой', 'OutBrain', 'Мукорез', '0', '', 'В работе', '2026-04-28', 'Малимон С', 'Модерация', ''),
('domains', 'opal-mirage.com', '', 'DE', 'Роззи', 'OutBrain', 'Мукорез', '0', 'AndreaGutierrez9088@hotmail.com', 'В работе', '2026-04-28', 'Малимон С', 'Модерация', ''),
('domains', 'sparkling-band.com', '', 'DE', 'Хьюго', 'OutBrain', 'Мукорез', '0', '', 'В работе', '2026-04-28', 'Малимон С', 'Модерация', ''),
('domains', 'dogrpg.com', '209.38.99.189', 'GB', '', 'OutBrain', 'Пампура', '80+', '', 'В работе', '2026-04-30', 'Репченко Н', '', ''),
('domains', 'photosnyc.com', '209.38.99.189', 'FR', '', 'OutBrain', 'Пампура', '80+', '', 'В работе', '2026-04-30', 'Репченко Н', '', ''),
('domains', 'chungskitchen.com', '212.192.2.78', 'GB', 'ZM', 'Taboola', 'Мукорез', '60-79', '', 'В работе', '2026-04-30', 'Борисов А', 'Модерация', ''),
('domains', 'shoujigame.com', '212.192.2.76', 'AU', 'ZM', 'Taboola', 'Мукорез', '60-79', '', 'В работе', '2026-04-30', 'Борисов А', 'Модерация', ''),
('domains', 'helenrudy.com', '212.192.2.78', 'CA', 'Тэмми', 'Taboola', 'Мукорез', '60-79', '', 'В работе', '2026-04-30', 'Борисов А', 'Модерация', ''),
('domains', 'shoujigames.com', '212.192.2.76', 'AU', 'Канье', 'Taboola', 'Мукорез', '60-79', '', 'В работе', '2026-04-30', 'Борисов А', 'Модерация', ''),
('domains', 'nealhere.com', '209.38.99.189', 'FR', 'Люкс', 'Taboola', 'Пампура', '60-79', '', 'В работе', '2026-05-06', 'Форов М', 'Модерация', ''),
('domains', 'kachroo.com', '209.38.99.189', 'FR', 'Канье', 'Taboola', 'Пампура', '60-79', '', 'В работе', '2026-05-06', 'Форов М', 'Модерация', ''),
('domains', 'mitterberghaus.com', '212.192.2.76', 'AU', 'Люмос', 'OutBrain', 'Мукорез', '60-79', '', 'В работе', NULL, 'Малимон С', 'Модерация', ''),
('domains', 'goofydude.com', '212.192.2.76', 'AU', 'Хьюго', 'OutBrain', 'Мукорез', '60-79', '', 'В работе', NULL, 'Малимон С', 'Модерация', ''),
('domains', 'goofygram.com', '212.192.2.76', 'CA', 'Люмос', 'OutBrain', 'Мукорез', '60-79', '', 'В работе', NULL, 'Малимон С', 'Модерация', ''),
('domains', 'dpjanda.com', '212.192.2.78', 'CA', 'Джой', 'OutBrain', 'Мукорез', '80+', '', 'В работе', NULL, 'Малимон С', 'Принят', ''),
('domains', 'allthatyouwish.com', '212.192.2.76', 'CA', 'Аделина', 'OutBrain', 'Мукорез', '60-79', 'high risk', 'В работе', NULL, 'Малимон С', 'Отказ', ''),
('domains', 'singaporevideo.com', '212.192.2.76', 'CA', 'Хьюго', 'OutBrain', 'Мукорез', '60-79', '', 'В работе', NULL, 'Малимон С', 'Модерация', ''),
('domains', 'naeric.com', '212.192.2.76', 'DE', 'Лобби', 'Mediago', 'Мукорез', '60-79', '', 'В работе', '2026-05-04', 'Серка О', 'Модерация', ''),
('domains', 'puppyadventure.com', '212.192.2.76', 'DE', 'Джой', 'Mediago', 'Мукорез', '60-79', '', 'В работе', '2026-05-04', 'Серка О', 'Модерация', ''),
('domains', 'myhappypuppy.com', '212.192.2.76', 'DE', 'Роззи', 'Mediago', 'Мукорез', '60-79', 'larenatraux55@proton.me', 'В работе', '2026-05-04', 'Серка О', 'Модерация', ''),
('domains', 'wintronixinc.com', '212.192.2.78', 'DE', 'Роззи', 'Mediago', 'Мукорез', '60-79', 'chyanneclaucherty68@proton.me', 'В работе', '2026-05-04', 'Серка О', 'Модерация', ''),
('domains', 'pokersyars.com/', '212.192.2.76', 'UK', 'Макан', 'Taboola', 'Мукорез', '80+', '', 'В работе', '2026-05-04', 'Есаян Э', 'Модерация', ''),
('domains', 'lawyersearchsite.com', '209.38.99.189', '', '', 'Taboola', 'Пампура', '80+', '', 'В работе', '2026-05-05', 'Шепалова К', '', ''),
('domains', 'mixonanetwork.com', '209.38.99.189', '', '', 'Taboola', 'Пампура', '60-79', '', 'В работе', '2026-05-05', 'Шепалова К', '', ''),
('domains', 'buyforks.com', '209.38.99.189', '', '', 'Taboola', 'Пампура', '60-79', '', 'В работе', '2026-05-05', 'Шепалова К', '', ''),
('domains', 'spoxdesign.com', '209.38.99.189', 'CZ', 'Макан', 'Taboola', 'Пампура', '60-79', '', 'В работе', '2026-05-05', 'Шепалова К', 'Модерация', ''),
('domains', 'natural-colors.com', '212.192.2.76', 'GB', 'Люмос', 'Taboola', 'Мукорез', '60-79', '', 'В работе', '2026-05-05', 'Борисов А', 'Модерация', ''),
('domains', 'nobrainertips.com', '212.192.2.78', 'AU', 'Люкс', 'Taboola', 'Мукорез', '60-79', 'zillahshear77@proton.me', 'В работе', '2026-05-05', 'Борисов А', 'Модерация', ''),
('domains', 'houseofscripts.com', '212.192.2.78', 'DE', 'Джой', 'Mediago', 'Мукорез', '60-79', '', 'В работе', '2026-05-05', 'Серка О', 'Модерация', ''),
('domains', 'collegecoochie.com', '212.192.2.78', 'DE', 'Роззи', 'Mediago', 'Мукорез', '60-79', 'lakeishadilello62@proton.me', 'В работе', '2026-05-05', 'Серка О', 'Модерация', ''),
('domains', 'perchjerker.com', '212.192.2.78', 'DE', 'Усам', 'Mediago', 'Мукорез', '60-79', '', 'В работе', '2026-05-05', 'Серка О', 'Модерация', ''),
('domains', 'jebati.com', '212.192.2.78', 'DE', 'Усам', 'Mediago', 'Мукорез', '60-79', '', 'В работе', '2026-05-05', 'Серка О', 'Модерация', ''),
('domains', 'wallduck.com', '212.192.2.76', 'UK', 'Вайпер', 'Taboola', 'Мукорез', '80+', '', 'В работе', '2026-05-05', 'Есаян Э', 'Модерация', ''),
('domains', 'camillaresort.com', '212.192.2.78', 'UK', 'Бинго нексус', 'Taboola', 'Мукорез', '80+', 'AdamTaylor7409@hotmail.com', 'В работе', '2026-05-05', 'Есаян Э', 'Модерация', ''),
('domains', 'trumpsconsulting.com', '212.192.2.78', 'UK', 'Бинго нексус', 'Taboola', 'Мукорез', '80+', 'RonaldBond7983@hotmail.com', 'В работе', '2026-05-05', 'Есаян Э', 'Модерация', ''),
('domains', 'visionrevival.com', '212.192.2.78', 'UK', 'Бинго', 'Taboola', 'Мукорез', '80+', 'KatherineBerry2881@hotmail.com', 'В работе', '2026-05-05', 'Есаян Э', 'Модерация', ''),
('domains', 'csprinter.com', '209.38.99.189', 'FR', 'Эрик', 'Taboola', 'Пампура', '60-79', '', 'В работе', '2026-05-06', 'Форов М', 'Модерация', ''),
('domains', 'bombayholiday.com', '209.38.99.189', 'ES', 'Макан', 'Taboola', 'Пампура', '60-79', '', 'В работе', '2026-05-06', 'Форов М', 'Модерация', ''),
('domains', 'photobyliandra.com', '212.192.2.76', 'CA', 'Аделина', 'Taboola', 'Мукорез', '60-79', '', 'В работе', '2026-05-06', 'Масютенко С', 'Модерация', ''),
('domains', 'ld-marketing.com', '212.192.2.76', 'AU', 'Хьюго', 'Taboola', 'Мукорез', '60-79', '', 'В работе', '2026-05-06', 'Масютенко С', 'Модерация', ''),
('domains', 'tennesseedrivertraining.com', '212.192.2.78', 'AU', 'Хьюго', 'Taboola', 'Мукорез', '80+', '', 'В работе', '2026-05-06', 'Масютенко С', 'Модерация', ''),
('domains', 'franksidealwelding.com', '212.192.2.76', 'UK', 'Канье', 'Taboola', 'Мукорез', '60-79', '', 'В работе', '2026-05-06', 'Масютенко С', 'Модерация', ''),
('domains', 'softwareeasysearch.com', '212.192.2.76', 'UK', 'Канье', 'Taboola', 'Мукорез', '60-79', '', 'В работе', '2026-05-06', 'Масютенко С', 'Модерация', ''),
('domains', 'softwarereviewsearch.com', '212.192.2.76', 'AU', 'Эрик', 'Taboola', 'Мукорез', '60-79', 'softwarereviewsearch.com', 'В работе', '2026-05-06', 'Масютенко С', 'Модерация', ''),
('domains', 'thelocktongroup.com', '212.192.2.78', 'AU', 'Эрик', 'Taboola', 'Мукорез', '80+', '', 'В работе', '2026-05-06', 'Масютенко С', 'Модерация', ''),
('domains', 'koolkasa.com', '212.192.2.78', 'UK', 'Бинго Нексус', 'Taboola', 'Мукорез', '80+', 'caitrinblan78@proton.me', 'В работе', '2026-05-06', 'Масютенко С', 'Модерация', ''),
('domains', 'gracegoertz.com', '212.192.2.78', 'UK', 'Бинго Нексус', 'Taboola', 'Мукорез', '80+', 'shadifalvey11@proton.me', 'В работе', '2026-05-06', 'Масютенко С', 'Модерация', ''),
('domains', 'itsmevicki.com', '212.192.2.78', 'UK', 'Люмос', 'Taboola', 'Мукорез', '80+', '', 'В работе', '2026-05-06', 'Масютенко С', 'Модерация', ''),
('domains', 'hotelbombay.com', '212.192.2.78', 'UK', 'Люмос', 'Taboola', 'Мукорез', '60-79', '', 'В работе', '2026-05-06', 'Масютенко С', 'Модерация', ''),
('domains', 'hadithhunter.com', '212.192.2.76', 'AU', 'Август', 'Taboola', 'Мукорез', '80+', '', 'В работе', '2026-05-06', 'Масютенко С', 'Модерация', ''),
('domains', 'zinnj.com', '212.192.2.76', 'AU', 'Август', 'Taboola', 'Мукорез', '60-79', '', 'В работе', '2026-05-06', 'Масютенко С', 'Модерация', ''),
('domains', 'karsiyiz.com', '212.192.2.76', 'UK', 'Бинго', 'Taboola', 'Мукорез', '80+', 'elloneprok21@proton.me', 'В работе', '2026-05-06', 'Масютенко С', 'Модерация', ''),
('domains', 'empire31.com', '212.192.2.76', 'UK', 'Бинго', 'Taboola', 'Мукорез', '80+', 'briseisdrymon15@proton.me', 'В работе', '2026-05-06', 'Масютенко С', 'Модерация', ''),
('domains', 'rejym.com', '212.192.2.76', 'UK', 'Бинго', 'Taboola', 'Мукорез', '80+', 'dorianagutoski21@proton.me', 'В работе', '2026-05-06', 'Масютенко С', 'Модерация', ''),
('domains', 'dechiqueteuse.com', '212.192.2.76', 'UK', 'Люкс', 'Taboola', 'Мукорез', '60-79', 'замена', 'В работе', '2026-05-06', 'Масютенко С', 'Модерация', ''),
('domains', 'simonedavid.com', '212.192.2.76', 'UK', 'Люкс', 'Taboola', 'Мукорез', '60-79', '', 'В работе', '2026-05-06', 'Масютенко С', 'Модерация', ''),
('domains', 'ateau.com', '212.192.2.76', 'UK', 'Джой', 'Mediago', 'Мукорез', '80+', 'doanvienlovero75@proton.me', 'В работе', '2026-05-06', 'Серка О', 'Модерация', ''),
('domains', 'webdirectorybase.com', '212.192.2.76', 'UK', 'Роззи', 'Mediago', 'Мукорез', '80+', 'talethaszpak37@proton.me', 'В работе', '2026-05-06', 'Серка О', 'Модерация', ''),
('domains', 'diaolancq.com', '212.192.2.78', 'UK', 'Джой', 'OutBrain', 'Мукорез', '80+', '', 'В работе', '2026-05-06', 'Серка О', 'Модерация', ''),
('domains', 'communitymotorsinc.com', '212.192.2.78', 'UK', 'Люмос', 'OutBrain', 'Мукорез', '80+', '', 'В работе', '2026-05-06', 'Серка О', 'Модерация', ''),
('domains', 'inmyfashion.com', '212.192.2.78', 'UK', 'Джой', 'OutBrain', 'Мукорез', '80+', '', 'В работе', '2026-05-06', 'Серка О', 'Модерация', ''),
('domains', 'tfreddo.com', '212.192.2.76', 'UK', 'Джой', 'Mediago', 'Мукорез', '80+', '', 'В работе', '2026-05-06', 'Серка О', 'Модерация', ''),
('domains', 'siliconhoarder.com', '212.192.2.76', 'UK', 'Усам', 'Mediago', 'Мукорез', '80+', '', 'В работе', '2026-05-06', 'Серка О', 'Модерация', ''),
('domains', 'igobb.com', '212.192.2.78', 'UK', 'Аделина', 'OutBrain', 'Мукорез', '80+', '', 'В работе', '2026-05-06', 'Серка О', 'Модерация', ''),
('domains', 'uncosmos.com', '212.192.2.78', 'UK', 'Бинго Нексус', 'Taboola', 'Мукорез', '60-79', 'dawanaentwists@proton.me', 'В работе', '2026-04-07', 'Головань Е', 'Модерация', ''),
('domains', 'withherfriend.com', '212.192.2.78', 'UK', 'Бинго нексус', 'Taboola', 'Мукорез', '60-79', 'strouspoignard@proton.me', 'В работе', '2026-04-07', 'Головань Е', 'Модерация', ''),
('domains', 'kofighter.com', '212.192.2.76', 'UK', 'Скрудж', 'Taboola', 'Мукорез', '80+', '', 'В работе', '2026-05-08', 'Масютенко С', 'Модерация', ''),
('domains', 'buychipolo-pop.com', '', 'DE', 'Макан', 'Mediago', 'Мукорез', '', '', 'В работе', '2026-05-08', 'Борисов А', 'Модерация', ''),
('domains', 'shimmer-learning.com', '', 'DE', 'Макан', 'Mediago', 'Мукорез', '', '', 'В работе', '2026-05-08', 'Борисов А', 'Модерация', ''),
('domains', 'swift-bucket.com', '', 'DE', 'Профессионал', 'Mediago', 'Мукорез', '', '', 'В работе', '2026-05-08', 'Борисов А', 'Модерация', ''),
('domains', 'heatflectwindows.com', '212.192.2.78', 'FR', 'Профессионал', 'Mediago', 'Мукорез', '80+', '', 'В работе', '2026-05-08', 'Борисов А', 'Модерация', ''),
('domains', 'lockivo.com', '212.192.2.76', 'FR', 'Усам', 'Mediago', 'Мукорез', '80+', '', 'В работе', '2026-05-08', 'Борисов А', 'Модерация', ''),
('domains', 'sayanda.com', '212.192.2.76', 'DE', 'Усам', 'Mediago', 'Мукорез', '80+', '', 'В работе', '2026-05-08', 'Борисов А', 'Модерация', ''),
('domains', 'playboypay.com', '212.192.2.76', 'FR', 'Джой', 'Mediago', 'Мукорез', '80+', '', 'В работе', '2026-05-08', 'Борисов А', 'Модерация', ''),
('domains', 'cologuad.com', '212.192.2.76', 'FR', 'Джой', 'Mediago', 'Мукорез', '80+', '', 'В работе', '2026-05-08', 'Борисов А', 'Модерация', ''),
('domains', 'smbmeet.com', '212.192.2.78', 'AU', 'Усам', 'Mediago', 'Мукорез', '80+', '', 'В работе', '2026-05-08', 'Борисов А', 'Модерация', ''),
('domains', 'wuyouwu.com', '212.192.2.76', 'FR', 'Август', 'Mediago', 'Мукорез', '80+', '', 'В работе', '2026-05-08', 'Борисов А', 'Модерация', ''),
('domains', 'trabajany.com', '212.192.2.76', 'FR', 'Усам', 'Mediago', 'Мукорез', '80+', '', 'В работе', '2026-05-08', 'Борисов А', 'Модерация', ''),
('domains', 'secretaryvixens.com', '212.192.2.76', 'FR', 'Август', 'Mediago', 'Мукорез', '80+', '', 'В работе', '2026-05-08', 'Борисов А', 'Модерация', ''),
('domains', 'globadino.com', '212.192.2.76', 'DE', 'Джуди, Усам', 'Mediago', 'Мукорез', '80+', '', 'В работе', '2026-05-27', 'Серка О', 'Модерация', ''),
('domains', 'brewtrails.com', '212.192.2.76', 'DE', 'Макан', 'Mediago', 'Мукорез', '80+', '', 'В работе', '2026-05-08', 'Серка О', 'Модерация', ''),
('domains', 'globadino.com', '212.192.2.76', 'DE', 'Люмос', 'OutBrain', 'Мукорез', '80+', '', 'В работе', '2026-05-08', 'Серка О', 'Модерация', ''),
('domains', 'brewtrails.com', '212.192.2.76', 'DE', 'Джой', 'OutBrain', 'Мукорез', '80+', '', 'В работе', '2026-05-08', 'Серка О', 'Модерация', ''),
('domains', 'diaosu688.com', '209.38.99.189', 'PL', 'Макан', 'Taboola', 'Пампура', '80+', '', 'В работе', '2026-05-08', 'Бумагина О', 'Модерация', ''),
('domains', 'finalexpensehelp.com', '209.38.99.189', 'PL', 'Джуди', 'Taboola', 'Пампура', '80+', 'KatelynSlomski00514@hotmail.com', 'В работе', '2026-05-08', 'Бумагина О', 'Принят', ''),
('domains', 'gift-10.com', '209.38.99.189', '', '', 'Taboola', 'Пампура', '80+', '', 'В работе', '2026-05-08', 'Шепалова К', '', ''),
('domains', 'growing-blossom.com', '209.38.99.189', 'FR', 'Люкс', 'Taboola', 'Пампура', '80+', '', 'В работе', '2026-05-08', 'Волков Н', 'Модерация', ''),
('domains', 'bikefernie.com', '209.38.99.189', 'FR', 'Профессионал', 'Taboola', 'Пампура', '80+', '', 'В работе', '2026-05-08', 'Волков Н', 'Модерация', ''),
('domains', 'zonemediaweb.com', '209.38.99.189', '', '', 'Taboola', 'Пампура', '80+', '', 'В работе', '2026-05-08', 'Шепалова К', '', ''),
('domains', 'forcefulmedia.com', '212.192.2.78', 'UK', 'Зокет', 'Taboola', 'Мукорез', '60-79', '', 'В работе', '2026-05-08', 'Головань Е', 'Модерация', ''),
('domains', 'forcefulmedia.com', '212.192.2.78', 'UK', 'Джой', 'OutBrain', 'Мукорез', '60-79', '', 'В работе', '2026-05-08', 'Головань Е', 'Модерация', ''),
('domains', 'onlname.com', '212.192.2.78', 'DE', 'Бинго', 'Taboola', 'Мукорез', '80+', 'yazzzambueza909@gmail.com', 'В работе', '2026-05-08', 'Головань Е', 'Модерация', ''),
('domains', 'onlname.com', '212.192.2.78', 'DE', 'Усам', 'Mediago', 'Мукорез', '80+', 'был у Люкса, Джуди поменяли на Усам', 'В работе', '2026-05-25', 'Головань Е', 'Модерация', ''),
('domains', 'forcefulmedia.com', '212.192.2.78', 'UK', 'Макан', 'Mediago', 'Мукорез', '60-79', 'был у Джуди поменяли на Макан', 'В работе', '2026-05-25', 'Головань Е', 'Модерация', ''),
('domains', 'onlbaro.com', '212.192.2.78', 'DE', 'Макан', 'Mediago', 'Мукорез', '80+', 'был у Джуди поменяли на Макан', 'В работе', '2026-05-25', 'Головань Е', 'Модерация', ''),
('domains', 'onlbaro.com', '212.192.2.78', 'DE', 'Люмос', 'OutBrain', 'Мукорез', '80+', '', 'В работе', '2026-05-08', 'Головань Е', 'Модерация', ''),
('domains', 'onlname.com', '212.192.2.78', 'DE', 'Хьюго', 'OutBrain', 'Мукорез', '80+', '', 'В работе', '2026-05-08', 'Головань Е', 'Модерация', ''),
('domains', 'onlbaro.com', '212.192.2.78', 'DE', 'Хьюго', 'Taboola', 'Мукорез', '80+', '', 'В работе', '2026-05-08', 'Головань Е', 'Модерация', ''),
('domains', 'whitelabelfood.com', '212.192.2.78', 'UK', 'Бинго Нексус', 'Taboola', 'Мукорез', '60-79', 'amierodrigues64@proton.me', 'В работе', '2026-04-10', 'Головань Е', 'Модерация', ''),
('domains', 'hemprecycling.com', '212.192.2.78', 'AU', 'Бинго нексус, Скрудж', 'Taboola', 'Мукорез', '60-79', '22.05 отдали скруджу', 'В работе', '2026-04-10', 'Головань Е', 'Модерация', ''),
('domains', 'ccdaimage.com', '212.192.2.76', 'FR', 'Август, Скрудж', 'Taboola', 'Мукорез', '60-79', '22.05 отдали скруджу', 'В работе', '2026-04-13', 'Головань Е', 'Модерация', ''),
('domains', 'alophim.com', '212.192.2.76', 'CA', 'Бинго Нексус, Скрудж', 'Taboola', 'Мукорез', '60-79', '22.05 отдали скруджу', 'В работе', '2026-04-13', 'Головань Е', '', ''),
('domains', 'grbaba.com', '212.192.2.76', 'FR', 'Люкс, Эрик', 'Taboola', 'Мукорез', '60-79', 'RobertLogue2103@hotmail.com снова отправили в работу 22.05 (Люкс)', 'В работе', '2026-04-15', 'Головань Е', 'Модерация', ''),
('domains', 'bluedales.com', '212.192.2.76', 'UK', 'Бинго, Джуди', 'Taboola', 'Мукорез', '60-79', '', 'В работе', '2026-04-13', 'Головань Е', 'Модерация', ''),
('domains', 'garageautodkm.com', '212.192.2.78', 'UK', 'Хьюго', 'OutBrain', 'Мукорез', '60-79', '', 'В работе', '2026-04-15', 'Головань Е', 'Выдан', ''),
('domains', 'muttlucks.com', '212.192.2.76', 'FR', 'Эрик, Джуди', 'Taboola', 'Мукорез', '60-79', '', 'В работе', '2026-04-15', 'Головань Е', '', ''),
('domains', 'eaate.com', '212.192.2.76', 'UK', 'Август, Макан', 'Taboola', 'Мукорез', '60-79', '', 'В работе', '2026-04-13', 'Головань Е', '', ''),
('domains', 'dennisnokes.com', '212.192.2.76', 'UK', 'Бинго, Профессионал', 'Taboola', 'Мукорез', '60-79', 'Направили новому селлеру 22.05', 'В работе', '2026-04-13', 'Головань Е', 'Модерация', ''),
('domains', 'swgroups.com', '212.192.2.76', 'UK', 'Август, Профессионал', 'Taboola', 'Мукорез', '60-79', 'Направили новому селлеру 22.05', 'В работе', '2026-04-14', 'Головань Е', 'Модерация', ''),
('domains', 'geojj.com', '212.192.2.76', 'UK', 'Август, Люмос', 'Taboola', 'Мукорез', '60-79', 'направили новому селлеру 22.05', 'В работе', '2026-04-14', 'Головань Е', 'Модерация', ''),
('domains', 'sandsbali.com', '212.192.2.76', 'DE', 'Хьюго, Ниагара', 'OutBrain', 'Мукорез', '60-79', 'ClaraWaits2580@hotmail.com направили новому селлеру 22.05', 'В работе', '2026-04-15', 'Головань Е', 'Принят', ''),
('domains', 'antiquepooltable.com', '212.192.2.76', 'DE', 'Хьюго', 'OutBrain', 'Мукорез', '60-79', '', 'В работе', '2026-04-15', 'Головань Е', 'Выдан', ''),
('domains', 'seiom.com', '212.192.2.76', 'UK', 'Люкс, Люмос', 'Taboola', 'Мукорез', '60-79', 'CaroleZajicek2036@hotmail.com снова отправили в работу 22.05 (Люкс)', 'В работе', '2026-04-17', 'Головань Е', 'Модерация', ''),
('domains', 'cacue.com', '212.192.2.76', 'AU', 'Хьюго, Люмос', 'Taboola', 'Мукорез', '60-79', 'направили новому селлеру 22.05', 'В работе', '2026-04-17', 'Головань Е', 'Модерация', ''),
('domains', 'foruid.com', '212.192.2.76', 'AU', 'Хьюго, Эрик', 'Taboola', 'Мукорез', '60-79', 'направили новому селлеру 22.05', 'В работе', '2026-04-17', 'Головань Е', 'Модерация', ''),
('domains', 'semperprimus.com', '212.192.2.78', 'AU', 'Роззи, Джуди', 'Mediago', 'Мукорез', '60-79', '', 'В работе', '2026-04-15', 'Головань Е', '', ''),
('domains', 'upandleave.com', '212.192.2.78', 'AU', 'Максимус', 'Taboola', 'Мукорез', '60-79', 'nazariorobersond385596@hotmail.com', 'В работе', '2026-04-22', 'Головань Е', 'Принят', ''),
('domains', 'listiee.com', '212.192.2.78', 'UK', 'Люкс', 'Taboola', 'Мукорез', '60-79', '', 'В работе', '2026-04-21', 'Головань Е', 'Выдан', ''),
('domains', 'bambooknits.com', '209.38.99.189', 'GB', 'Макан', 'Taboola', 'Пампура', '80+', '', 'В работе', '2026-05-11', 'Репченко Н', 'Модерация', ''),
('domains', 'multidimensionnels.com', '209.38.99.189', 'GB', 'Профессионал', 'Taboola', 'Пампура', '80+', '', 'В работе', '2026-05-11', 'Репченко Н', 'Модерация', ''),
('domains', 'freejobhuntingtips.com', '212.192.2.78', 'DE', 'Августин', 'Mediago', 'Мукорез', '80+', '', 'В работе', '2026-05-08', 'Серка О', 'Модерация', ''),
('domains', 'whatiscopywriting.com', '212.192.2.76', 'DE', 'Макан', 'Mediago', 'Мукорез', '80+', '', 'В работе', '2026-05-08', 'Серка О', 'Модерация', ''),
('domains', 'whatiscopywriting.com', '212.192.2.76', 'DE', 'Эрик', 'OutBrain', 'Мукорез', '80+', '', 'В работе', '2026-05-08', 'Серка О', 'Модерация', ''),
('domains', 'freejobhuntingtips.com', '212.192.2.78', 'DE', 'Джой', 'OutBrain', 'Мукорез', '80+', '', 'В работе', '2026-05-08', 'Серка О', 'Модерация', ''),
('domains', 'wallygater.com', '212.192.2.76', 'UK', 'Бинго Нексус', 'Taboola', 'Мукорез', '60-79', 'направили новому селлеру 22.05', 'В работе', '2026-04-14', 'Головань Е', 'Модерация', ''),
('domains', 'cikijing.com', '212.192.2.76', 'GB', 'Скрудж', 'Taboola', 'Мукорез', '80+', '', 'В работе', '2026-05-08', 'Серка О', 'Модерация', ''),
('domains', 'outdoorviolation.com', '212.192.2.78', 'AU', 'Скрудж', 'Taboola', 'Мукорез', '80+', 'ретжект после апрува и оплаты
Причина: высокий риск', 'В работе', NULL, 'Малимон С', 'Принят', ''),
('domains', 'obstetraspr.com', '209.38.99.189', '', '', 'Taboola', 'Пампура', '80+', '', 'В работе', '2026-05-11', 'Романенко Н', '', ''),
('domains', 'macholmiami.com', '209.38.99.189', 'GB', '', 'OutBrain', 'Пампура', '80+', '', 'Свободен', '2026-05-12', 'Репченко Н', '', ''),
('domains', 'sipulen.com', '209.38.99.189', 'DE', 'Джуди', 'OutBrain', 'Пампура', '80+', 'hadleysalgado461988@proton.me', 'В работе', '2026-05-13', 'Форов М', 'Принят', ''),
('domains', 'dotcomdave.com', '209.38.99.189', 'DE', 'Джой', 'OutBrain', 'Пампура', '80+', '', 'В работе', '2026-05-13', 'Форов М', 'Модерация', ''),
('domains', 'pcchandrajewels.com', '209.38.99.189', 'DE', 'Макан', 'OutBrain', 'Пампура', '60-79', '', 'В работе', '2026-05-13', 'Форов М', 'Модерация', ''),
('domains', 'faswi.com', '209.38.99.189', 'DE', 'Профессионал', 'OutBrain', 'Пампура', '60-79', '', 'В работе', '2026-05-13', 'Форов М', 'Принят', ''),
('domains', 'nudefreecelebs.com', '209.38.99.189', 'FR', 'Джуди', 'OutBrain', 'Пампура', '60-79', 'hazeljohns704@proton.me', 'В работе', '2026-05-13', 'Форов М', 'Принят', ''),
('domains', 'autotradedubai.com', '209.38.99.189', 'FR', 'Профессионал', 'OutBrain', 'Пампура', '60-79', '', 'В работе', '2026-05-13', 'Форов М', 'Принят', ''),
('domains', 'femaletips.com', '209.38.99.189', 'FR', 'Макан', 'OutBrain', 'Пампура', '60-79', '', 'В работе', '2026-05-13', 'Форов М', 'Модерация', ''),
('domains', 'foradiamond.com', '209.38.99.189', 'FR', 'Джой', 'OutBrain', 'Пампура', '60-79', '', 'В работе', '2026-05-13', 'Форов М', 'Модерация', ''),
('domains', 'forajewel.com', '209.38.99.189', 'ES', 'Джуди', 'OutBrain', 'Пампура', '60-79', 'alonzofarrellj03@proton.me', 'В работе', '2026-05-13', 'Форов М', 'Принят', ''),
('domains', 'tuxtheme.com', '209.38.99.189', 'ES', 'Профессионал', 'OutBrain', 'Пампура', '60-79', '', 'В работе', '2026-05-13', 'Форов М', 'Принят', ''),
('domains', 'legitmodeling.com', '209.38.99.189', 'ES', 'Джой', 'OutBrain', 'Пампура', '60-79', '', 'В работе', '2026-05-13', 'Форов М', 'Модерация', ''),
('domains', 'truly-african.com', '209.38.99.189', 'ES', 'Макан', 'OutBrain', 'Пампура', '60-79', '', 'В работе', '2026-05-13', 'Форов М', 'Модерация', ''),
('domains', 'hirefemale.com', '209.38.99.189', 'FR', 'Джой', 'Mediago', 'Пампура', '60-79', '', 'В работе', '2026-05-13', 'Волков Н', 'Модерация', ''),
('domains', 'kewwl.com', '209.38.99.189', 'FR', 'Усам', 'Mediago', 'Пампура', '60-79', '', 'В работе', '2026-05-13', 'Волков Н', 'Модерация', ''),
('domains', 'buzzdao.com', '209.38.99.189', 'FR', 'Профессионал', 'Mediago', 'Пампура', '60-79', '', 'В работе', '2026-05-13', 'Волков Н', 'Модерация', ''),
('domains', 'nakarra.com', '209.38.99.189', 'FR', 'Макан', 'Mediago', 'Пампура', '60-79', '', 'В работе', '2026-05-13', 'Волков Н', 'Модерация', ''),
('domains', 'gdjaxf.com', '209.38.99.189', 'FR', 'Макан', 'Mediago', 'Пампура', '60-79', '', 'В работе', '2026-05-13', 'Волков Н', 'Модерация', ''),
('domains', 'millenniumeye.com', '212.192.2.78', 'AU', 'Зокет', 'Taboola', 'Мукорез', '80+', '', 'В работе', '2026-05-13', 'Борисов А', 'Модерация', ''),
('domains', 'aircompressorreviews.com', '212.192.2.76', 'GB', 'Макан', 'Taboola', 'Мукорез', '80+', '', 'В работе', '2026-05-13', 'Борисов А', 'Модерация', ''),
('domains', 'ooobonus.com', '212.192.2.78', 'GB', 'Макан', 'Mediago', 'Мукорез', '60-79', '', 'В работе', '2026-05-13', 'Борисов А', 'Модерация', ''),
('domains', 'vaporcannon.com', '209.38.99.189', 'FR', 'Профессионал', 'Taboola', 'Пампура', '60-79', '', 'В работе', '2026-05-13', 'Волков Н', 'Модерация', ''),
('domains', 'thereptongroup.com', '209.38.99.189', 'CZ', '', 'Taboola', 'Пампура', '60-79', '', 'В работе', '2026-05-13', 'Волков Н', '', ''),
('domains', 'regularlinks.com', '209.38.99.189', 'CZ', '', 'Taboola', 'Пампура', '60-79', '', 'В работе', '2026-05-13', 'Волков Н', '', ''),
('domains', 'gpsvend.com', '209.38.99.189', 'CZ', '', 'Taboola', 'Пампура', '60-79', '', 'В работе', '2026-05-13', 'Волков Н', '', ''),
('domains', 'daparadarse.com', '212.192.2.78', '', '', '', 'Мукорез', '60-79', '', 'Свободен', NULL, '', '', ''),
('domains', 'canfilit.com', '212.192.2.78', 'FR', 'Хьюго', 'OutBrain', 'Мукорез', '60-79', '', 'В работе', '2026-05-13', 'Серка О', 'Модерация', ''),
('domains', 'canfilit.com', '212.192.2.78', 'DE', 'Хьюго', 'OutBrain', 'Мукорез', '60-79', '', 'В работе', '2026-05-13', 'Серка О', 'Модерация', ''),
('domains', 'jimeifan.com', '212.192.2.78', 'FR', 'Люкс', 'Taboola', 'Мукорез', '60-79', 'RowenaPines13745@hotmail.com', 'В работе', '2026-05-13', 'Серка О', 'Принят', ''),
('domains', 'jimeifan.com', '212.192.2.78', 'FR', 'Люмос', 'OutBrain', 'Мукорез', '60-79', '', 'В работе', '2026-05-13', 'Серка О', 'Модерация', ''),
('domains', 'canfilit.com', '212.192.2.78', 'FR', 'Джуди, Августин', 'Mediago', 'Мукорез', '60-79', '', 'В работе', '2026-05-27', 'Серка О', 'Модерация', ''),
('domains', 'addtobox.com', '212.192.2.78', 'DE', 'Джуди, Усам', 'Mediago', 'Мукорез', '60-79', '', 'В работе', '2026-05-27', 'Серка О', 'Модерация', ''),
('domains', 'canfilit.com', '212.192.2.78', 'FR', 'Макан', 'Taboola', 'Мукорез', '60-79', '', 'В работе', '2026-05-13', 'Серка О', 'Модерация', ''),
('domains', 'jimeifan.com', '212.192.2.78', 'FR', 'Макан', 'Mediago', 'Мукорез', '60-79', '', 'В работе', '2026-05-13', 'Серка О', 'Модерация', ''),
('domains', 'memorylanein.com', '212.192.2.78', 'DE', 'Макан', 'Mediago', 'Мукорез', '60-79', '', 'В работе', '2026-05-13', 'Серка О', 'Модерация', ''),
('domains', 'memorylanein.com', '212.192.2.78', 'DE', 'Августин', 'OutBrain', 'Мукорез', '60-79', '', 'В работе', '2026-05-13', 'Серка О', 'Модерация', ''),
('domains', 'ibc-valve.com', '212.192.2.78', 'GB', 'Августин', 'Mediago', 'Мукорез', '60-79', '', 'В работе', '2026-05-13', 'Серка О', 'Модерация', ''),
('domains', 'donutsquare.com', '212.192.2.78', 'GB', 'Дейв', 'Taboola', 'Мукорез', '60-79', '', 'В работе', '2026-05-17', 'Есаян Э', 'Выдан', ''),
('domains', 'twitterchicks.com', '212.192.2.78', 'GB', 'Зокет', 'Taboola', 'Мукорез', '60-79', '', 'В работе', '2026-05-17', 'Есаян Э', 'Модерация', ''),
('domains', 'devineteam.com', '212.192.2.76', 'GB', 'Зокет', 'OutBrain', 'Мукорез', '60-79', '', 'В работе', '2026-05-17', 'Есаян Э', 'Модерация', ''),
('domains', 'partcodex.com', '212.192.2.76', '', '', '', 'Мукорез', '60-79', '', 'В работе', NULL, 'Головань Е', '', ''),
('domains', 'donutsquare.com', '212.192.2.76', '', '', '', 'Мукорез', '60-79', '', 'Свободен', NULL, '', '', ''),
('domains', 'webgraphicsx.com', '212.192.2.76', '', '', '', 'Мукорез', '60-79', '', 'В работе', NULL, 'Головань Е', '', ''),
('domains', 'paraelevator.com', '212.192.2.76', '', '', '', 'Мукорез', '60-79', '', 'В работе', NULL, 'Головань Е', '', ''),
('domains', 'springmiss.com', '209.38.99.189', 'CZ', '', 'Taboola', 'Пампура', '60-79', '', 'В работе', '2026-05-13', 'Волков Н', '', ''),
('domains', 'uxvisioneer.com', '209.38.99.189', 'PT', 'Люкс', 'Taboola', 'Пампура', '60-79', '', 'В работе', '2026-05-14', 'Шепалова К', 'Модерация', ''),
('domains', 'entoolkit.com', '209.38.99.189', '', '', 'Taboola', 'Пампура', '60-79', '', 'В работе', '2026-05-14', 'Шепалова К', '', ''),
('domains', 'liqiongjiu.com', '209.38.99.189', 'CZ', 'Профессионал', 'Taboola', 'Пампура', '60-79', '', 'В работе', '2026-05-14', 'Шепалова К', 'Модерация', ''),
('domains', 'hoponwi.com', '209.38.99.189', 'CZ', 'Усам', 'Mediago', 'Пампура', '60-79', '', 'В работе', '2026-05-14', 'Шепалова К', 'Модерация', ''),
('domains', 'poruchki.com', '209.38.99.189', 'PL', 'Профессионал', 'Taboola', 'Пампура', '60-79', '', 'В работе', '2026-05-14', 'Бумагина О', 'Модерация', ''),
('domains', 'rezervacii.com', '209.38.99.189', 'PL', 'Зокет', 'Taboola', 'Пампура', '60-79', '', 'В работе', '2026-05-14', 'Бумагина О', 'Модерация', ''),
('domains', 'artbret.com', '209.38.99.189', '', '', 'Taboola', 'Пампура', '60-79', '', 'В работе', '2026-05-14', 'Бумагина О', '', ''),
('domains', 'sslwebhosting.com', '209.38.99.189', '', '', 'Taboola', 'Пампура', '60-79', '', 'В работе', '2026-05-14', 'Бумагина О', '', ''),
('domains', 'carianacarianne.com', '212.192.2.78', 'CA', '', '', 'Мукорез', '60-79', '', 'Свободен', NULL, 'Есаян Э', '', ''),
('domains', 'dbjiaju.com', '212.192.2.78', '', '', '', 'Мукорез', '60-79', '', 'Свободен', NULL, '', '', ''),
('domains', 'qinghuapeixun.com', '212.192.2.78', '', '', '', 'Мукорез', '60-79', '', 'Свободен', NULL, '', '', ''),
('domains', 'ah-cykj.com', '212.192.2.78', '', '', 'Taboola', 'Мукорез', '60-79', '', 'Свободен', NULL, '', '', ''),
('domains', 'bingogameset.com', '212.192.2.78', '', '', 'Taboola', 'Мукорез', '60-79', '', 'Свободен', NULL, '', '', ''),
('domains', 'backinsaddle.com', '212.192.2.76', 'GB', 'Дейв', 'Taboola', 'Мукорез', '60-79', 'Забанили', 'В работе', NULL, 'Борисов А', 'Выдан', ''),
('domains', 'brewgas.com', '212.192.2.76', 'DE', 'Зокет', 'OutBrain', 'Мукорез', '60-79', '', 'В работе', NULL, 'Борисов А', 'Модерация', ''),
('domains', 'brewgas.com', '212.192.2.76', 'DE', 'Усам', 'Mediago', 'Мукорез', '60-79', '', 'В работе', NULL, 'Борисов А', 'Модерация', ''),
('domains', 'vremind.com', '212.192.2.76', 'AU', 'Зокет', 'Taboola', 'Мукорез', '60-79', '', 'В работе', NULL, 'Борисов А', 'Модерация', ''),
('domains', 'berlinalevr.com', '212.192.2.76', '', '', 'Mediago', 'Мукорез', '60-79', 'FrederickGillespie1485@hotmail.com', 'В работе', NULL, 'Борисов А', 'Модерация', ''),
('domains', 'sybasedbablog.com', '209.38.99.189', '', '', 'Taboola', 'Пампура', '60-79', '', 'В работе', '2026-05-14', 'Бумагина О', '', ''),
('domains', 'josephmesa.com', '209.38.99.189', '', '', 'Taboola', 'Пампура', '60-79', '', 'В работе', '2026-05-14', 'Бумагина О', '', ''),
('domains', 'telintech-bazar.com', '209.38.99.189', '', '', 'Taboola', 'Пампура', '60-79', '', 'В работе', '2026-05-14', 'Бумагина О', '', ''),
('domains', 'telintechbazar.com', '209.38.99.189', '', '', 'Taboola', 'Пампура', '60-79', '', 'В работе', '2026-05-14', 'Бумагина О', '', ''),
('domains', 'telintek-bazar.com', '209.38.99.189', '', '', 'Taboola', 'Пампура', '60-79', '', 'В работе', '2026-05-14', 'Бумагина О', '', ''),
('domains', 'telintektv.com', '209.38.99.189', '', '', 'Taboola', 'Пампура', '60-79', '', 'В работе', '2026-05-14', 'Шепалова К', '', ''),
('domains', 'cnehang.com', '209.38.99.189', 'PT', 'Джуди', 'Taboola', 'Пампура', '60-79', '', 'В работе', '2026-05-14', 'Шепалова К', 'Модерация', ''),
('domains', 'abdelhakamghar.com', '209.38.99.189', '', '', 'Mediago', 'Пампура', '60-79', '', 'В работе', '2026-05-14', 'Шепалова К', '', ''),
('domains', 'tdioc.com', '209.38.99.189', '', '', 'Mediago', 'Пампура', '60-79', '', 'В работе', '2026-05-14', 'Шепалова К', '', ''),
('domains', 'mckeighanagency.com', '212.192.2.78', 'GB', '', 'Taboola', 'Мукорез', '60-79', '', 'Свободен', NULL, 'Головань Е', '', ''),
('domains', 'athomelegal.com', '212.192.2.78', 'DE', '', '', 'Мукорез', '60-79', '', 'Свободен', '2026-05-05', 'Есаян Э', '', ''),
('domains', 'angepisst.com', '212.192.2.78', '', '', '', 'Мукорез', '60-79', '', 'Свободен', NULL, '', '', ''),
('domains', 'woodentripods.com', '212.192.2.78', 'GB', '', 'Taboola', 'Мукорез', '60-79', '', 'Свободен', NULL, 'Головань Е', '', ''),
('domains', 'mariannejames.com', '212.192.2.78', 'GB', 'Зокет', 'OutBrain', 'Мукорез', '60-79', '', 'В работе', NULL, 'Малимон С', '', ''),
('domains', 'elephantpools.com', '212.192.2.76', 'GB', 'Зокет', 'Taboola', 'Мукорез', '60-79', '', 'В работе', NULL, 'Малимон С', 'Модерация', ''),
('domains', 'foxconvert.com', '212.192.2.76', 'GB', 'Дейв', 'Taboola', 'Мукорез', '60-79', '', 'В работе', NULL, 'Малимон С', 'Принят', ''),
('domains', 'adviantmedia.com', '212.192.2.76', 'GB', 'Макан', 'Mediago', 'Мукорез', '60-79', '', 'В работе', NULL, 'Малимон С', 'Модерация', ''),
('domains', 'radarperu.com', '212.192.2.76', 'DE', 'Августин', 'Mediago', 'Мукорез', '60-79', '', 'В работе', NULL, 'Малимон С', 'Модерация', ''),
('domains', 'jimknelson.com', '209.38.99.189', 'PT', 'Макан', 'Taboola', 'Пампура', '80+', '', 'В работе', '2026-05-14', 'Шепалова К', 'Модерация', ''),
('domains', 'miraclenutrients.com', '209.38.99.189', '', '', 'Mediago', 'Пампура', '80+', '', 'В работе', '2026-05-14', 'Шепалова К', '', ''),
('domains', 'luxurysantorinihotels.com', '209.38.99.189', 'CZ', 'Макан', 'Mediago', 'Пампура', '80+', '', 'В работе', '2026-05-14', 'Шепалова К', 'Модерация', ''),
('domains', 'industriousanimals.com', '209.38.99.189', 'CZ', 'Профессионал', 'Mediago', 'Пампура', '80+', '', 'В работе', '2026-05-14', 'Шепалова К', 'Модерация', ''),
('domains', 'wholesaledealschicago.com', '209.38.99.189', 'PT', 'Макан', 'Taboola', 'Пампура', '80+', '', 'В работе', '2026-05-14', 'Шепалова К', 'Модерация', ''),
('domains', 'lanzarotepropertyagents.com', '209.38.99.189', '', '', 'Taboola', 'Пампура', '80+', '', 'В работе', '2026-05-14', 'Шепалова К', '', ''),
('domains', 'dynamicseniorwomen.com', '209.38.99.189', 'CZ', 'Джуди', 'Taboola', 'Пампура', '80+', '', 'В работе', '2026-05-14', 'Шепалова К', 'Модерация', ''),
('domains', 'tomediaarts.com', '209.38.99.189', '', '', 'Taboola', 'Пампура', '80+', '', 'В работе', '2026-05-14', 'Шепалова К', '', ''),
('domains', 'nutriquinone.com', '209.38.99.189', '', '', 'Mediago', 'Пампура', '80+', '', 'В работе', '2026-05-14', 'Шепалова К', '', ''),
('domains', 'opticsjapan.com', '209.38.99.189', 'CZ', 'Август', 'Taboola', 'Пампура', '80+', '', 'В работе', '2026-05-14', 'Шепалова К', 'Модерация', ''),
('domains', 'earnpaid.com', '209.38.99.189', 'GB', 'Люмос', 'Taboola', 'Пампура', '80+', '', 'В работе', '2026-05-14', 'Репченко Н', 'Модерация', ''),
('domains', 'eastfoto.com', '209.38.99.189', 'GB', 'Макан', 'Taboola', 'Пампура', '80+', '', 'В работе', '2026-05-14', 'Репченко Н', 'Модерация', ''),
('domains', 'natashamartinez.com', '209.38.99.189', 'FR', 'Джуди', 'Taboola', 'Пампура', '80+', '', 'В работе', '2026-05-14', 'Репченко Н', 'Модерация', ''),
('domains', 'guamholiday.com', '209.38.99.189', 'FR', 'Профессионал', 'Taboola', 'Пампура', '80+', '', 'В работе', '2026-05-14', 'Репченко Н', 'Модерация', ''),
('domains', 'cgwguns.com', '209.38.99.189', 'FR', 'Макан', 'Taboola', 'Пампура', '80+', '', 'В работе', '2026-05-14', 'Репченко Н', 'Модерация', ''),
('domains', 'deejayfoto.com', '209.38.99.189', 'FR', 'Макан', 'Taboola', 'Пампура', '80+', '', 'В работе', '2026-05-14', 'Форов М', 'Модерация', ''),
('domains', 'windowcleangear.com', '209.38.99.189', '', '', '', 'Пампура', '80+', '', 'В работе', '2026-05-14', 'Форов М', '', ''),
('domains', 'mrdebtezee.com', '209.38.99.189', '', '', '', 'Пампура', '80+', '', 'В работе', '2026-05-14', 'Форов М', '', ''),
('domains', 'cruelvideoz.com', '209.38.99.189', '', '', '', 'Пампура', '80+', '', 'В работе', '2026-05-14', 'Форов М', '', ''),
('domains', 'paleotaste.com', '212.192.2.78', 'DE', 'Макан', 'Mediago', 'Мукорез', '80+', '', 'В работе', '2026-05-15', 'Серка О', '', ''),
('domains', 'paleotaste.com', '212.192.2.78', 'DE', 'Джой', 'OutBrain', 'Мукорез', '80+', '', 'В работе', '2026-05-15', 'Серка О', 'Модерация', ''),
('domains', 'growinggoodkidz.com', '212.192.2.78', 'DE', 'Макан', 'OutBrain', 'Мукорез', '80+', '', 'В работе', '2026-05-15', 'Серка О', 'Модерация', ''),
('domains', 'growinggoodkidz.com', '212.192.2.78', 'DE', 'Джуди, Люкс', 'Mediago', 'Мукорез', '80+', 'MarilynnCampos523430@hotmail.com', 'В работе', '2026-05-27', 'Серка О', 'Модерация', ''),
('domains', 'mattdmagic.com', '212.192.2.78', 'GB', 'Джуди', 'Taboola', 'Мукорез', '80+', '', 'В работе', '2026-05-15', 'Серка О', 'Модерация', ''),
('domains', 'mattdmagic.com', '212.192.2.78', 'GB', 'Усам, Люкс', 'Mediago', 'Мукорез', '80+', 'TashaBeckett052915@hotmail.com', 'В работе', '2026-05-27', 'Серка О', 'Модерация', ''),
('domains', 'mattdmagic.com', '212.192.2.78', 'GB', 'Джой', 'OutBrain', 'Мукорез', '80+', '', 'В работе', '2026-05-15', 'Серка О', 'Модерация', ''),
('domains', 'perverserape.com', '212.192.2.78', 'GB', 'Августин', 'Mediago', 'Мукорез', '80+', '', 'В работе', '2026-05-15', 'Серка О', 'Модерация', ''),
('domains', 'perverserape.com', '212.192.2.78', 'GB', 'Август', 'Taboola', 'Мукорез', '80+', '', 'В работе', '2026-05-15', 'Серка О', 'Модерация', ''),
('domains', 'perverserape.com', '212.192.2.78', 'GB', 'Джой', 'OutBrain', 'Мукорез', '80+', '', 'В работе', '2026-05-15', 'Серка О', 'Модерация', ''),
('domains', 'backinsaddle.com', '212.192.2.76', 'GB', 'Макан', 'Mediago', 'Мукорез', '60-79', '', 'В работе', '2026-05-15', 'Борисов А', 'Модерация', ''),
('domains', 'hidacheese.com', '212.192.2.76', 'AU', 'Джуди', 'Taboola', 'Мукорез', '60-79', '', 'В работе', '2026-05-15', 'Борисов А', '', ''),
('domains', 'fredareimertribute.com', '212.192.2.78', 'GB', 'Августин, Джуди', 'Taboola', 'Мукорез', '80+', '', 'В работе', '2026-05-27', 'Серка О', 'Модерация', ''),
('domains', 'fredareimertribute.com', '212.192.2.78', 'GB', 'Джой', 'OutBrain', 'Мукорез', '80+', '', 'В работе', '2026-05-18', 'Серка О', '', ''),
('domains', 'fredareimertribute.com', '212.192.2.78', 'GB', 'Усам', 'Mediago', 'Мукорез', '80+', '', 'В работе', '2026-05-18', 'Серка О', '', ''),
('domains', 'hollywoodhalfwits.com', '212.192.2.78', 'GB', 'Макан', 'OutBrain', 'Мукорез', '80+', '', 'В работе', '2026-05-18', 'Серка О', '', ''),
('domains', 'hollywoodhalfwits.com', '212.192.2.78', 'GB', 'Джуди', 'Taboola', 'Мукорез', '80+', '', 'В работе', '2026-05-18', 'Серка О', '', ''),
('domains', 'hollywoodhalfwits.com', '212.192.2.78', 'GB', 'Макан', 'Mediago', 'Мукорез', '80+', '', 'В работе', '2026-05-18', 'Серка О', '', ''),
('domains', 'where2where.com', '212.192.2.78', 'AU', 'Макан', 'Taboola', 'Мукорез', '80+', '', 'В работе', '2026-05-25', 'Головань Е', 'Модерация', ''),
('domains', 'where2where.com', '212.192.2.78', 'AU', 'Роззи', 'Mediago', 'Мукорез', '80+', 'GeneKlett8538@hotmail.com', 'В работе', '2026-05-25', 'Головань Е', 'Модерация', ''),
('domains', 'where2where.com', '212.192.2.78', 'AU', 'Джой', 'OutBrain', 'Мукорез', '80+', '', 'В работе', '2026-05-25', 'Головань Е', 'Модерация', ''),
('domains', 'spectrom3d.com', '212.192.2.78', 'DE', 'Профессионал', 'Taboola', 'Мукорез', '80+', '', 'В работе', '2026-05-25', 'Головань Е', 'Модерация', ''),
('domains', 'spectrom3d.com', '212.192.2.78', 'DE', 'Джуди', 'Mediago', 'Мукорез', '80+', '', 'В работе', '2026-05-25', 'Головань Е', 'Модерация', ''),
('domains', 'spectrom3d.com', '212.192.2.78', 'DE', 'Аделина', 'OutBrain', 'Мукорез', '80+', '', 'В работе', '2026-05-25', 'Головань Е', 'Модерация', ''),
('domains', 'pure-and-clean.com', '212.192.2.78', '', '', '', 'Мукорез', '80+', '', 'В работе', NULL, 'Головань Е', '', ''),
('domains', 'boom-lavka.com', '212.192.2.78', 'AU', 'Люмос', 'Taboola', 'Мукорез', '80+', '', 'В работе', '2026-05-21', 'Головань Е', 'Модерация', ''),
('domains', 'boom-lavka.com', '212.192.2.78', 'AU', 'Макан', 'Mediago', 'Мукорез', '80+', '', 'В работе', '2026-05-21', 'Головань Е', 'Модерация', ''),
('domains', 'boom-lavka.com', '212.192.2.78', 'AU', 'Эрик', 'OutBrain', 'Мукорез', '80+', '', 'В работе', '2026-05-21', 'Головань Е', 'Модерация', ''),
('domains', 'chilesa.com', '212.192.2.76', 'GB', '', '', 'Мукорез', '80+', '', 'Свободен', NULL, 'Головань Е', '', ''),
('domains', 'dailyexgf.com', '212.192.2.76', 'AU', 'Профессионал', 'Taboola', 'Мукорез', '80+', 'отказ Августин', 'В работе', '2026-05-26', 'Головань Е', 'Отказ', ''),
('domains', 'dailyexgf.com', '212.192.2.76', 'AU', 'Люкс', 'Mediago', 'Мукорез', '80+', 'FelixDenbo078319@hotmail.com', 'В работе', '2026-05-21', 'Головань Е', 'Модерация', ''),
('domains', 'dailyexgf.com', '212.192.2.76', 'AU', 'Ниагара', 'OutBrain', 'Мукорез', '80+', '', 'В работе', '2026-05-21', 'Головань Е', 'Принят', ''),
('domains', 'cornwallbreaks.com', '212.192.2.76', 'DE', 'Роззи', 'Mediago', 'Мукорез', '80+', 'MelodyHilfer9468@hotmail.com', 'В работе', '2026-05-27', 'Есаян Э', 'Модерация', ''),
('domains', 'allpizzerias.com', '212.192.2.76', 'DE', 'Усам', 'Mediago', 'Мукорез', '80+', '', 'В работе', '2026-05-27', 'Есаян Э', 'Модерация', ''),
('domains', 'toonaccess.com', '212.192.2.76', 'DE', 'Роззи', 'OutBrain', 'Мукорез', '80+', 'DiegoOrndorff34616@hotmail.com', 'В работе', '2026-05-27', 'Есаян Э', 'Модерация', ''),
('domains', 'toolbardev.com', '212.192.2.76', 'DE', 'Усам', 'Mediago', 'Мукорез', '80+', '', 'Свободен', NULL, 'Есаян Э', '', ''),
('domains', 'heatinginnovations.com', '212.192.2.76', '', '', '', 'Мукорез', '80+', '', 'Свободен', NULL, '', '', ''),
('domains', 'coachlarrypinder.com', '212.192.2.76', '', '', '', 'Мукорез', '80+', '', 'Свободен', NULL, '', '', ''),
('domains', 'arahalinformacion.com', '212.192.2.76', '', '', '', 'Мукорез', '80+', '', 'Свободен', NULL, '', '', ''),
('domains', 'catfight-tube.com', '209.38.99.189', 'FR', '', 'Taboola', 'Пампура', '80+', '', 'В работе', '2026-05-18', 'Репченко Н', '', ''),
('domains', 'parsforum.com', '209.38.99.189', 'FR', 'Джуди', 'Taboola', 'Пампура', '80+', '', 'В работе', '2026-05-18', 'Репченко Н', 'Модерация', ''),
('domains', 'mayihz.com', '209.38.99.189', 'FR', 'Профессионал', 'Taboola', 'Пампура', '80+', '', 'В работе', '2026-05-18', 'Репченко Н', 'Модерация', ''),
('domains', 'insanelytopical.com', '209.38.99.189', 'GB', '', 'Taboola', 'Пампура', '80+', '', 'В работе', '2026-05-18', 'Репченко Н', '', ''),
('domains', 'massagebrighton.com', '209.38.99.189', 'GB', 'Люкс', 'Taboola', 'Пампура', '80+', '', 'В работе', '2026-05-18', 'Репченко Н', 'Модерация', ''),
('domains', 'isabetakademi.com', '209.38.99.189', 'GB', 'Джуди', 'Taboola', 'Пампура', '80+', '', 'В работе', '2026-05-19', 'Репченко Н', 'Модерация', ''),
('domains', 'motebymote.com', '209.38.99.189', 'DE', 'Джуди', 'Taboola', 'Пампура', '80+', '', 'В работе', '2026-05-21', 'Форов М', 'Модерация', ''),
('domains', 'resetokey.com', '209.38.99.189', 'DE', 'Канье', 'Taboola', 'Пампура', '80+', '', 'В работе', '2026-05-21', 'Форов М', 'Модерация', ''),
('domains', 'vrollercoaster.com', '209.38.99.189', 'DE', 'Люкс', 'Taboola', 'Пампура', '80+', '', 'В работе', '2026-05-21', 'Форов М', 'Модерация', ''),
('domains', 'thefreshhut.com', '212.192.2.78', 'GB', '', '', 'Мукорез', '80+', '', 'В работе', NULL, 'Есаян Э', '', ''),
('domains', 'calibodyfuel.com', '212.192.2.78', 'DE', '', 'Mediago', 'Мукорез', '80+', 'LarryRoberts8292@hotmail.com', 'В работе', NULL, 'Есаян Э', 'Модерация', ''),
('domains', 'healthvitalize.com', '212.192.2.78', 'UK', 'Макан', 'Taboola', 'Мукорез', '80+', '', 'В работе', NULL, 'Борисов А', '', ''),
('domains', 'healthvitalize.com', '212.192.2.78', 'UK', 'Люкс', 'Mediago', 'Мукорез', '80+', 'NancyShepler5193@hotmail.com', 'В работе', '2026-05-27', 'Борисов А', 'Модерация', ''),
('domains', 'vrpaintherapy.com', '212.192.2.78', 'CA', 'Профессионал', 'Taboola', 'Мукорез', '80+', '', 'В работе', NULL, 'Борисов А', '', ''),
('domains', 'vrpaintherapy.com', '212.192.2.78', 'CA', 'Джуди, Усам', 'Mediago', 'Мукорез', '80+', '', 'В работе', '2026-05-27', 'Борисов А', 'Модерация', ''),
('domains', 'gotgrindlog.com', '212.192.2.78', '', '', '', 'Мукорез', '80+', '', 'Свободен', NULL, '', '', ''),
('domains', 'town-magazine.com', '212.192.2.76', '', '', '', 'Мукорез', '80+', '', 'В работе', NULL, 'Головань Е', '', ''),
('domains', 'haichun-tech.com', '212.192.2.76', '', '', '', 'Мукорез', '80+', '', 'Свободен', NULL, '', '', ''),
('domains', 'drgotthelf.com', '212.192.2.76', '', '', '', 'Мукорез', '80+', '', 'Свободен', NULL, '', '', ''),
('domains', 'vainham.com', '212.192.2.76', '', '', '', 'Мукорез', '80+', '', 'Свободен', NULL, '', '', ''),
('domains', 'chilibrain.com', '209.38.99.189', '', '', 'Taboola', 'Пампура', '60-79', '', 'В работе', '2026-05-18', 'Бумагина О', '', ''),
('domains', 'pauldewitthomes.com', '209.38.99.189', '', '', 'Taboola', 'Пампура', '60-79', '', 'В работе', '2026-05-18', 'Бумагина О', '', ''),
('domains', 'gelatinflower.com', '209.38.99.189', '', '', 'Taboola', 'Пампура', '60-79', '', 'В работе', '2026-05-18', 'Бумагина О', '', ''),
('domains', 'homelyvista.com', '212.192.2.78', 'DE', 'Профессионал', 'OutBrain', 'Мукорез', '60-79', '', 'В работе', '2026-05-20', 'Серка О', '', ''),
('domains', 'homelyvista.com', '212.192.2.78', 'DE', 'Люкс', 'Mediago', 'Мукорез', '60-79', 'SamuelAngrand3733@hotmail.com', 'В работе', '2026-05-20', 'Серка О', 'Модерация', ''),
('domains', 'taylorshastings.com', '212.192.2.78', 'DE', 'Люкс', 'Mediago', 'Мукорез', '60-79', 'RobertPopovski709606@hotmail.com', 'В работе', '2026-05-20', 'Серка О', 'Модерация', ''),
('domains', 'taylorshastings.com', '212.192.2.78', 'DE', 'Ниагара', 'OutBrain', 'Мукорез', '60-79', 'KathyMcmahan6920@hotmail.com', 'В работе', '2026-05-20', 'Серка О', 'Принят', ''),
('domains', 'cputop.com', '212.192.2.78', 'DE', 'Джой', 'OutBrain', 'Мукорез', '60-79', '', 'Свободен', NULL, 'Малимон С', 'Модерация', ''),
('domains', 'siggart.com', '212.192.2.78', 'DE', 'Джой', 'OutBrain', 'Мукорез', '60-79', '', 'Свободен', NULL, 'Малимон С', 'Модерация', ''),
('domains', 'flbev.com', '212.192.2.78', 'DE', 'Джой', 'OutBrain', 'Мукорез', '60-79', '', 'Свободен', NULL, 'Малимон С', 'Модерация', ''),
('domains', 'fsegurado.com', '212.192.2.76', 'DE', 'Макан', 'OutBrain', 'Мукорез', '60-79', '', 'Свободен', NULL, 'Малимон С', 'Модерация', ''),
('domains', 'aboveallpc.com', '212.192.2.76', 'DE', 'Макан', 'OutBrain', 'Мукорез', '60-79', '', 'Свободен', NULL, 'Малимон С', 'Модерация', ''),
('domains', 'sahinaydin.com', '212.192.2.76', 'DE', 'Макан', 'OutBrain', 'Мукорез', '60-79', '', 'Свободен', NULL, 'Малимон С', 'Модерация', ''),
('domains', 'coatedcloud.com', '212.192.2.76', 'DE', 'Профессионал', 'OutBrain', 'Мукорез', '60-79', '', 'Свободен', NULL, 'Малимон С', 'Принят', ''),
('domains', 'cakesbycarlene.com', '212.192.2.76', 'DE', 'Профессионал', 'OutBrain', 'Мукорез', '60-79', '', 'Свободен', NULL, 'Малимон С', 'Принят', ''),
('domains', 'msc-c.com', '212.192.2.76', 'DE', 'Профессионал', 'OutBrain', 'Мукорез', '60-79', '', 'Свободен', NULL, 'Малимон С', 'Принят', ''),
('domains', 'clear-hedge.com', '212.192.2.76', 'DE', 'Джуди', 'OutBrain', 'Мукорез', '60-79', 'EleanorMason5641@hotmail.com', 'Свободен', NULL, 'Малимон С', 'Принят', ''),
('domains', 'lngod.com', '209.38.99.189', '', '', 'Mediago', 'Пампура', '80+', '', 'В работе', '2026-05-18', 'Шепалова К', '', ''),
('domains', 'bearcatlodge.com', '209.38.99.189', '', '', 'Mediago', 'Пампура', '80+', '', 'В работе', '2026-05-18', 'Шепалова К', '', ''),
('domains', 'stimulasiotak.com', '209.38.99.189', '', '', 'Mediago', 'Пампура', '80+', '', 'В работе', '2026-05-18', 'Шепалова К', '', ''),
('domains', 'fctmachinery.com', '209.38.99.189', '', '', 'Mediago', 'Пампура', '80+', '', 'В работе', '2026-05-18', 'Шепалова К', '', ''),
('domains', 'thecorridorcompany.com', '209.38.99.189', '', '', 'Mediago', 'Пампура', '80+', '', 'В работе', '2026-05-18', 'Шепалова К', '', ''),
('domains', 'zuiqianglu.com', '209.38.99.189', '', '', 'Taboola', 'Пампура', '80+', '', 'В работе', '2026-05-18', 'Шепалова К', '', ''),
('domains', 'veterinaryneurologist.com', '209.38.99.189', '', '', 'Taboola', 'Пампура', '80+', '', 'В работе', '2026-05-18', 'Шепалова К', '', ''),
('domains', 'hiddeningredient.com', '209.38.99.189', '', '', 'Taboola', 'Пампура', '80+', '', 'В работе', '2026-05-18', 'Шепалова К', '', ''),
('domains', 'highyieldmagazine.com', '209.38.99.189', 'CZ', 'Джуди', 'Taboola', 'Пампура', '80+', '', 'В работе', '2026-05-18', 'Шепалова К', 'Модерация', ''),
('domains', 'symbianblogger.com', '212.192.2.78', '', '', '', 'Мукорез', '80+', '', 'Свободен', NULL, 'Романенко Н', '', ''),
('domains', 'playadelsecretomexico.com', '212.192.2.78', '', '', '', 'Мукорез', '80+', '', 'Свободен', NULL, '', '', ''),
('domains', '3ktu.com', '212.192.2.78', '', '', '', 'Мукорез', '80+', '', 'Свободен', NULL, '', '', ''),
('domains', 'v3tel.com', '212.192.2.78', '', '', '', 'Мукорез', '80+', '', 'Свободен', NULL, '', '', ''),
('domains', 'pan-asiaoutsourcing.com', '212.192.2.76', 'GB', 'Люкс', 'Taboola', 'Мукорез', '80+', 'JessieFort40921@hotmail.com', 'В работе', '2026-05-27', 'Дирацуян Д', 'Модерация', ''),
('domains', 'pan-asiaoutsourcing.com', '212.192.2.76', 'GB', 'Профессионал', 'Mediago', 'Мукорез', '80+', '', 'В работе', '2026-05-27', 'Дирацуян Д', 'Модерация', ''),
('domains', 'pan-asiaoutsourcing.com', '212.192.2.76', 'GB', 'Джой', 'OutBrain', 'Мукорез', '80+', '', 'В работе', NULL, 'Дирацуян Д', 'Модерация', ''),
('domains', 'brantfordhomesales.com', '212.192.2.76', '', '', '', 'Мукорез', '80+', '', 'Свободен', NULL, '', '', ''),
('domains', 'lasruedasdepachacamac.com', '212.192.2.76', 'GB', 'Профессионал', 'Taboola', 'Мукорез', '80+', '', 'В работе', '2026-05-20', 'Дирацуян Д', 'Модерация', ''),
('domains', 'lasruedasdepachacamac.com', '212.192.2.76', 'GB', 'Усам', 'Mediago', 'Мукорез', '80+', '', 'В работе', '2026-05-27', 'Дирацуян Д', 'Модерация', ''),
('domains', 'lasruedasdepachacamac.com', '212.192.2.76', 'GB', 'Джуди', 'OutBrain', 'Мукорез', '80+', '', 'В работе', '2026-05-27', 'Дирацуян Д', 'Модерация', ''),
('domains', 'bobbuyshouses1.com', '212.192.2.76', 'GB', 'Люкс', 'Taboola', 'Мукорез', '80+', 'EmmaPeedin20509@hotmail.com', 'В работе', '2026-05-27', 'Дирацуян Д', 'Модерация', ''),
('domains', 'bobbuyshouses1.com', '212.192.2.76', 'GB', 'Джуди', 'Mediago', 'Мукорез', '80+', '', 'В работе', '2026-05-27', 'Дирацуян Д', 'Модерация', ''),
('domains', 'bobbuyshouses1.com', '212.192.2.76', 'GB', 'Макан', 'OutBrain', 'Мукорез', '80+', '', 'В работе', '2026-05-20', 'Дирацуян Д', 'Модерация', ''),
('domains', 'sacskc.com', '209.38.99.189', 'DE', 'Август', 'Taboola', 'Пампура', '80+', '', 'В работе', '2026-05-21', 'Форов М', 'Модерация', ''),
('domains', 'livcan.com', '212.192.2.78', '', '', '', 'Мукорез', '80+', '', 'В работе', NULL, 'Борисов А', '', ''),
('domains', 'mamugs.com', '209.38.99.189', '', '', 'Taboola', 'Пампура', '60-79', '', 'В работе', NULL, 'Романенко Н', '', ''),
('domains', 'adverstripe.com', '209.38.99.189', '', '', 'Taboola', 'Пампура', '60-79', '', 'В работе', NULL, 'Романенко Н', '', ''),
('domains', 'burgkeller.com', '209.38.99.189', 'FR', 'Джуди', 'Taboola', 'Пампура', '60-79', '', 'В работе', '2026-05-21', 'Форов М', 'Модерация', ''),
('domains', 'pubbkk.com', '209.38.99.189', 'FR', 'Канье', 'Taboola', 'Пампура', '60-79', '', 'В работе', '2026-05-21', 'Форов М', 'Модерация', ''),
('domains', 'redtopbg.com', '209.38.99.189', 'FR', 'Люкс', 'Taboola', 'Пампура', '60-79', '', 'В работе', '2026-05-21', 'Форов М', 'Модерация', ''),
('domains', 'technotrouble.com', '209.38.99.189', 'FR', 'Август', 'Taboola', 'Пампура', '60-79', '', 'В работе', '2026-05-21', 'Форов М', 'Модерация', ''),
('domains', 'farawaybrothers.com', '209.38.99.189', 'GB', '', 'Taboola', 'Пампура', '60-79', '', 'В работе', '2026-05-27', 'Репченко Н', '', ''),
('domains', 'telepair.com', '209.38.99.189', 'GB', '', 'Taboola', 'Пампура', '60-79', '', 'В работе', '2026-05-27', 'Репченко Н', '', ''),
('domains', 'plantrackcreate.com', '209.38.99.189', 'GB', '', 'Taboola', 'Пампура', '60-79', '', 'В работе', '2026-05-27', 'Репченко Н', '', ''),
('domains', 'romepap.com', '209.38.99.189', 'GB', '', 'Taboola', 'Пампура', '60-79', '', 'В работе', '2026-05-27', 'Репченко Н', '', ''),
('domains', 'clamnote.com', '209.38.99.189', 'DE', '', 'Taboola', 'Пампура', '60-79', '', 'В работе', '2026-05-27', 'Репченко Н', '', ''),
('domains', 'mrtiresny.com', '209.38.99.189', 'DE', '', 'Taboola', 'Пампура', '60-79', '', 'В работе', '2026-05-27', 'Репченко Н', '', ''),
('domains', 'ajcannon.com', '209.38.99.189', 'DE', '', 'Taboola', 'Пампура', '60-79', '', 'В работе', '2026-05-27', 'Репченко Н', '', ''),
('domains', 'knowledgeisdeen.com', '209.38.99.189', 'DE', '', 'Taboola', 'Пампура', '60-79', '', 'В работе', '2026-05-27', 'Репченко Н', '', ''),
('domains', 'opsporing.com', '209.38.99.189', 'DE', '', 'Taboola', 'Пампура', '60-79', '', 'В работе', '2026-05-27', 'Репченко Н', '', ''),
('domains', 'gettripsnow.com', '209.38.99.189', 'DE', '', 'Taboola', 'Пампура', '60-79', '', 'В работе', '2026-05-27', 'Репченко Н', '', ''),
('domains', 'itsajeepshirt.com', '209.38.99.189', 'DE', '', 'Taboola', 'Пампура', '60-79', '', 'В работе', '2026-05-27', 'Репченко Н', '', ''),
('domains', 'creativedadz.com', '209.38.99.189', 'GB', '', 'Taboola', 'Пампура', '60-79', '', 'В работе', '2026-05-27', 'Репченко Н', '', ''),
('domains', 'lin-chuan.com', '209.38.99.189', 'FR', '', 'Taboola', 'Пампура', '60-79', '', 'В работе', '2026-05-27', 'Волков Н', '', ''),
('domains', 'anglezarke.com', '209.38.99.189', 'FR', '', 'Taboola', 'Пампура', '60-79', '', 'В работе', '2026-05-27', 'Волков Н', '', ''),
('domains', 'ins-mark.com', '209.38.99.189', 'FR', '', 'Taboola', 'Пампура', '60-79', '', 'В работе', '2026-05-27', 'Волков Н', '', ''),
('domains', 'tubetickets.com', '209.38.99.189', '', '', 'Taboola', 'Пампура', '60-79', '', 'В работе', '2026-05-25', 'Шепалова К', '', ''),
('domains', 'olopsc.com', '209.38.99.189', 'PT', 'Профессионал', 'Taboola', 'Пампура', '60-79', '', 'В работе', '2026-05-25', 'Шепалова К', 'Модерация', ''),
('domains', 'ucmtv.com', '209.38.99.189', '', '', 'Taboola', 'Пампура', '60-79', '', 'В работе', '2026-05-25', 'Шепалова К', '', ''),
('domains', 'vietnamscales.com', '209.38.99.189', '', '', 'Taboola', 'Пампура', '60-79', '', 'В работе', '2026-05-25', 'Шепалова К', '', ''),
('domains', 'naftax.com', '209.38.99.189', '', '', 'Taboola', 'Пампура', '60-79', '', 'В работе', '2026-05-25', 'Шепалова К', '', ''),
('domains', 'wanderingisite.com', '212.192.2.76', '', '', '', 'Мукорез', '60-79', '', 'Свободен', NULL, '', '', ''),
('domains', 'javtreasure.com', '212.192.2.76', '', '', '', 'Мукорез', '60-79', '', 'Свободен', NULL, '', '', ''),
('domains', 'mystartdesk.com', '212.192.2.76', '', '', '', 'Мукорез', '60-79', '', 'Свободен', NULL, '', '', ''),
('domains', 'artuscany.com', '212.192.2.76', '', '', '', 'Мукорез', '60-79', '', 'Свободен', NULL, '', '', ''),
('domains', 'parktelonline.com', '212.192.2.76', 'GB', 'Эрик', 'Taboola', 'Мукорез', '60-79', '', 'В работе', NULL, 'Дирацуян Д', 'Модерация', ''),
('domains', 'parktelonline.com', '212.192.2.76', 'GB', 'Хьюго', 'Mediago', 'Мукорез', '60-79', '', 'В работе', NULL, 'Дирацуян Д', 'Модерация', ''),
('domains', 'parktelonline.com', '212.192.2.76', 'GB', 'Макан', 'OutBrain', 'Мукорез', '60-79', '', 'В работе', NULL, 'Дирацуян Д', 'Модерация', ''),
('domains', 'flowerpow.com', '212.192.2.76', 'GB', 'Джуди', 'Taboola', 'Мукорез', '60-79', '', 'В работе', '2026-05-27', 'Дирацуян Д', 'Модерация', ''),
('domains', 'flowerpow.com', '212.192.2.76', 'GB', 'Усам', 'Mediago', 'Мукорез', '60-79', '', 'В работе', '2026-05-27', 'Дирацуян Д', 'Модерация', ''),
('domains', 'flowerpow.com', '212.192.2.76', 'GB', 'Макан', 'OutBrain', 'Мукорез', '60-79', '', 'В работе', NULL, 'Дирацуян Д', 'Модерация', ''),
('domains', 'ephantom.com', '212.192.2.76', '', '', '', 'Мукорез', '60-79', '', 'В работе', NULL, '', '', ''),
('domains', 'pjwrinkles.com', '212.192.2.76', 'DE', 'Джуди', 'Mediago', 'Мукорез', '60-79', '', 'В работе', '2026-05-21', 'Серка О', '', ''),
('domains', 'pjwrinkles.com', '212.192.2.76', 'DE', 'Джой', 'OutBrain', 'Мукорез', '60-79', '', 'В работе', '2026-05-21', 'Серка О', '', ''),
('domains', 'guiwebhosting.com', '212.192.2.76', 'DE', 'Джуди', 'OutBrain', 'Мукорез', '60-79', '', 'В работе', '2026-05-21', 'Серка О', '', ''),
('domains', 'guiwebhosting.com', '212.192.2.76', 'DE', 'Профессионал', 'Mediago', 'Мукорез', '60-79', '', 'В работе', '2026-05-21', 'Серка О', '', ''),
('domains', 'marianacordoba.com', '212.192.2.76', 'GB', 'Люкс', 'Mediago', 'Мукорез', '60-79', '', 'В работе', '2026-05-21', 'Серка О', '', ''),
('domains', 'marianacordoba.com', '212.192.2.76', 'GB', 'Профессионал', 'Taboola', 'Мукорез', '60-79', '', 'В работе', '2026-05-21', 'Серка О', '', ''),
('domains', 'buzzseeds.com', '212.192.2.76', 'GB', 'Джуди', 'Taboola', 'Мукорез', '60-79', '', 'В работе', '2026-05-21', 'Серка О', '', ''),
('domains', 'buzzseeds.com', '212.192.2.76', 'GB', 'Макан', 'Mediago', 'Мукорез', '60-79', '', 'В работе', '2026-05-21', 'Серка О', '', ''),
('domains', 'datougui.com', '212.192.2.76', 'GB', 'Джуди', 'Taboola', 'Мукорез', '60-79', '', 'В работе', '2026-05-25', 'Серка О', '', ''),
('domains', 'datougui.com', '212.192.2.76', 'GB', 'Джой', 'OutBrain', 'Мукорез', '60-79', '', 'В работе', '2026-05-25', 'Серка О', '', ''),
('domains', 'datougui.com', '212.192.2.76', 'GB', 'Роззи', 'Mediago', 'Мукорез', '60-79', '', 'В работе', '2026-05-25', 'Серка О', '', ''),
('domains', 'stoneorz.com', '212.192.2.76', 'GB', 'Люкс', 'Mediago', 'Мукорез', '60-79', '', 'В работе', '2026-05-25', 'Серка О', '', ''),
('domains', 'stoneorz.com', '212.192.2.76', 'GB', 'Профессионал', 'Taboola', 'Мукорез', '60-79', '', 'В работе', '2026-05-25', 'Серка О', '', ''),
('domains', 'stoneorz.com', '212.192.2.76', 'GB', 'Макан', 'OutBrain', 'Мукорез', '60-79', '', 'В работе', '2026-05-25', 'Серка О', '', ''),
('domains', 'talkingitout.com', '212.192.2.76', 'GB', 'Роззи', 'OutBrain', 'Мукорез', '60-79', '', 'В работе', '2026-05-25', 'Серка О', '', ''),
('domains', 'talkingitout.com', '212.192.2.76', 'GB', 'Люкс', 'Taboola', 'Мукорез', '60-79', '', 'В работе', '2026-05-25', 'Серка О', '', ''),
('domains', 'talkingitout.com', '212.192.2.76', 'GB', 'Профессионал', 'Mediago', 'Мукорез', '60-79', '', 'В работе', '2026-05-27', 'Серка О', '', ''),
('domains', 'tsadove.com', '212.192.2.78', 'DE', 'Усам', 'Mediago', 'Мукорез', '60-79', '', 'В работе', '2026-05-27', 'Серка О', 'Модерация', ''),
('domains', 'tsadove.com', '212.192.2.78', 'DE', 'Роззи', 'OutBrain', 'Мукорез', '60-79', 'ErnestDwyer4307@hotmail.com', 'В работе', '2026-05-27', 'Серка О', 'Модерация', ''),
('domains', 'nutriquinol.com', '212.192.2.78', 'DE', 'Роззи', 'OutBrain', 'Мукорез', '60-79', 'GeoffreyHassler334220@hotmail.com', 'В работе', '2026-05-27', 'Серка О', 'Модерация', ''),
('domains', 'nutriquinol.com', '212.192.2.78', 'DE', 'Джуди', 'Mediago', 'Мукорез', '60-79', '', 'В работе', '2026-05-27', 'Серка О', 'Модерация', ''),
('domains', 'netsks.com', '212.192.2.78', 'DE', 'Люкс', 'Mediago', 'Мукорез', '60-79', 'DonnaLarsen72009@hotmail.com', 'В работе', '2026-05-26', 'Серка О', 'Модерация', ''),
('domains', 'netsks.com', '212.192.2.78', 'DE', 'Люмос', 'OutBrain', 'Мукорез', '60-79', '', 'В работе', '2026-05-26', 'Серка О', 'Модерация', ''),
('domains', 'leecarpenter.com', '212.192.2.78', 'FR', 'Канье', 'Taboola', 'Мукорез', '60-79', '', 'В работе', '2026-05-27', 'Серка О', '', ''),
('domains', 'leecarpenter.com', '212.192.2.78', 'FR', 'Усам', 'Mediago', 'Мукорез', '60-79', '', 'В работе', '2026-05-27', 'Серка О', 'Модерация', ''),
('domains', 'leecarpenter.com', '212.192.2.78', 'FR', 'Джой', 'OutBrain', 'Мукорез', '60-79', '', 'В работе', '2026-05-27', 'Серка О', '', ''),
('domains', 'carlesamador.com', '212.192.2.78', 'FR', 'Джуди', 'OutBrain', 'Мукорез', '60-79', '', 'В работе', '2026-05-27', 'Серка О', 'Модерация', ''),
('domains', 'carlesamador.com', '212.192.2.78', 'FR', 'Люкс', 'Mediago', 'Мукорез', '60-79', '', 'В работе', '2026-05-27', 'Серка О', 'Модерация', ''),
('domains', 'carlesamador.com', '212.192.2.78', 'FR', 'Профессионал', 'Taboola', 'Мукорез', '60-79', '', 'В работе', '2026-05-27', 'Серка О', '', ''),
('domains', 'olivermart.com', '212.192.2.78', 'FR', 'Люкс', 'Taboola', 'Мукорез', '60-79', 'JuanBeaty209795@hotmail.com', 'В работе', '2026-05-27', 'Серка О', 'Модерация', ''),
('domains', 'olivermart.com', '212.192.2.78', 'FR', 'Джуди', 'Mediago', 'Мукорез', '60-79', '', 'В работе', '2026-05-27', 'Серка О', 'Модерация', ''),
('domains', 'olivermart.com', '212.192.2.78', 'FR', 'Люмос', 'OutBrain', 'Мукорез', '60-79', '', 'В работе', '2026-05-27', 'Серка О', '', ''),
('domains', 'beautifulgrease.com', '212.192.2.78', '', '', '', 'Мукорез', '60-79', '', 'Свободен', NULL, '', '', ''),
('domains', 'three-am.com', '212.192.2.78', '', '', '', 'Мукорез', '60-79', '', 'Свободен', NULL, '', '', ''),
('domains', 'com-depot.com', '212.192.2.78', '', '', '', 'Мукорез', '60-79', '', 'В работе', NULL, 'Борисов А', '', ''),
('domains', 'jeux-astuces.com', '212.192.2.78', '', '', '', 'Мукорез', '60-79', '', 'Свободен', NULL, '', '', ''),
('domains', 'lyingdowngame.com', '212.192.2.78', '', '', '', 'Мукорез', '60-79', '', 'Свободен', NULL, '', '', ''),
('domains', 'pcrethinking.com', '212.192.2.78', '', '', '', 'Мукорез', '60-79', '', 'Свободен', NULL, '', '', ''),
('domains', 'xingend.com', '212.192.2.78', '', 'Хьюго', '', 'Мукорез', '60-79', '', 'В работе', NULL, 'Малимон С', '', ''),
('domains', 'myefirm.com', '212.192.2.78', 'CA', 'Люкс', 'Taboola', 'Мукорез', '60-79', 'TraceyCook8390@hotmail.com', 'В работе', '2026-05-27', 'Борисов А', 'Модерация', ''),
('domains', 'myefirm.com', '212.192.2.78', 'CA', 'Профессионал', 'Mediago', 'Мукорез', '60-79', '', 'В работе', '2026-05-27', 'Борисов А', 'Модерация', ''),
('domains', 'myemate.com', '212.192.2.78', '', '', '', 'Мукорез', '60-79', '', 'В работе', '2026-05-28', 'Серка О', '', ''),
('domains', 'yunmark.com', '212.192.2.78', '', '', '', 'Мукорез', '60-79', '', 'В работе', '2026-05-28', 'Серка О', '', ''),
('domains', 'cpaan.com', '212.192.2.78', '', '', '', 'Мукорез', '60-79', '', 'В работе', '2026-05-28', 'Серка О', '', ''),
('domains', 'sushinmakior.com', '212.192.2.78', '', '', '', 'Мукорез', '60-79', '', 'Свободен', NULL, '', '', ''),
('domains', 'marcopesani.com', '212.192.2.78', '', '', '', 'Мукорез', '60-79', '', 'Свободен', NULL, '', '', ''),
('domains', 'successfulweb.com', '212.192.2.78', '', '', '', 'Мукорез', '60-79', '', 'Свободен', NULL, '', '', ''),
('domains', 'kajca.com', '212.192.2.78', '', '', '', 'Мукорез', '60-79', '', 'Свободен', NULL, '', '', ''),
('domains', 'modelshipcases.com', '212.192.2.78', '', '', '', 'Мукорез', '60-79', '', 'Свободен', NULL, '', '', ''),
('domains', 'johnthepoet.com', '212.192.2.78', '', '', '', 'Мукорез', '60-79', '', 'Свободен', NULL, '', '', ''),
('domains', 'dushihui.com', '212.192.2.78', '', '', '', 'Мукорез', '60-79', '', 'Свободен', NULL, '', '', ''),
('domains', 'brutalgirls.com', '212.192.2.76', 'UK', 'Джуди', 'Taboola', 'Мукорез', '80+', '', 'В работе', NULL, 'Есаян Э', 'Модерация', ''),
('domains', 'champagnepedia.com', '209.38.99.189', '', '', '', 'Пампура', '60-79', '', 'Свободен', NULL, '', '', ''),
('domains', 'nadatalhame.com', '209.38.99.189', '', '', '', 'Пампура', '60-79', '', 'Свободен', NULL, '', '', ''),
('domains', 'time-graphics.com', '209.38.99.189', '', '', '', 'Пампура', '60-79', '', 'Свободен', NULL, '', '', ''),
('domains', 'caaer.com', '209.38.99.189', '', '', '', 'Пампура', '60-79', '', 'Свободен', NULL, '', '', ''),
('domains', 'archivevideo.com', '209.38.99.189', '', '', '', 'Пампура', '60-79', '', 'Свободен', NULL, '', '', ''),
('domains', 'underklader.com', '209.38.99.189', '', '', '', 'Пампура', '60-79', '', 'Свободен', NULL, '', '', ''),
('domains', 'usdivas.com', '209.38.99.189', '', '', '', 'Пампура', '60-79', '', 'Свободен', NULL, '', '', ''),
('domains', 'chrongrass.com', '212.192.2.78', '', '', '', 'Мукорез', '60-79', '', 'Свободен', NULL, '', '', ''),
('domains', 'everyshing.com', '212.192.2.78', '', '', '', 'Мукорез', '60-79', '', 'Свободен', NULL, '', '', ''),
('domains', 'georgewingard.com', '212.192.2.78', '', '', '', 'Мукорез', '60-79', '', 'Свободен', NULL, '', '', ''),
('domains', 'linecop.com', '212.192.2.76', '', '', '', 'Мукорез', '60-79', '', 'Свободен', NULL, '', '', ''),
('domains', 'wagerhut.com', '212.192.2.76', '', '', '', 'Мукорез', '60-79', '', 'Свободен', NULL, '', '', ''),
('domains', 'whipdivas.com', '212.192.2.76', '', '', '', 'Мукорез', '60-79', '', 'Свободен', NULL, '', '', ''),
('domains', 'yourluckycoin.com', '209.38.99.189', '', '', 'Taboola', 'Пампура', '80+', '', 'Свободен', '2026-05-25', 'Шепалова К', '', ''),
('domains', 'basmaticompany.com', '209.38.99.189', '', '', 'Taboola', 'Пампура', '80+', '', 'Свободен', '2026-05-25', 'Шепалова К', '', ''),
('domains', 'bidivas.com', '209.38.99.189', '', '', 'Taboola', 'Пампура', '80+', '', 'Свободен', '2026-05-25', 'Шепалова К', '', ''),
('domains', 'gategod.com', '209.38.99.189', '', '', '', 'Пампура', '80+', '', 'Свободен', NULL, '', '', ''),
('domains', 'scoreagainducks.com', '209.38.99.189', '', '', '', 'Пампура', '80+', '', 'Свободен', NULL, '', '', ''),
('domains', 'busdiva.com', '209.38.99.189', '', '', '', 'Пампура', '80+', '', 'Свободен', NULL, '', '', ''),
('domains', 'busdivas.com', '209.38.99.189', '', '', '', 'Пампура', '80+', '', 'Свободен', NULL, '', '', ''),
('domains', 'tandivas.com', '209.38.99.189', '', '', '', 'Пампура', '80+', '', 'Свободен', NULL, '', '', ''),
('domains', 'whipdiva.com', '209.38.99.189', '', '', '', 'Пампура', '80+', '', 'Свободен', NULL, '', '', ''),
('domains', 'dittoplatinum.com', '209.38.99.189', '', '', '', 'Пампура', '80+', '', 'Свободен', NULL, '', '', ''),
('domains', 'callfloridahome.com', '209.38.99.189', '', '', '', 'Пампура', '80+', '', 'Свободен', NULL, '', '', ''),
('domains', 'hannadenmark.com', '209.38.99.189', '', '', '', 'Пампура', '80+', '', 'Свободен', NULL, '', '', ''),
('domains', 'loftsmadrid.com', '209.38.99.189', '', '', '', 'Пампура', '80+', '', 'Свободен', NULL, '', '', ''),
('domains', 'leandernet.com', '212.192.2.78', '', '', '', 'Мукорез', '80+', '', 'Свободен', NULL, '', '', ''),
('domains', 'bcseedsdepot.com', '212.192.2.78', '', '', '', 'Мукорез', '80+', '', 'В работе', NULL, 'Борисов А', '', ''),
('domains', 'boatcollective.com', '212.192.2.78', '', '', '', 'Мукорез', '80+', '', 'Свободен', NULL, '', '', ''),
('domains', 'beauty-togo.com', '212.192.2.78', '', '', '', 'Мукорез', '80+', '', 'Свободен', NULL, '', '', ''),
('domains', 'spider-digital.com', '212.192.2.78', '', '', '', 'Мукорез', '80+', '', 'Свободен', NULL, '', '', ''),
('domains', 'maikeke.com', '212.192.2.78', 'CA', 'Профессионал', 'Taboola', 'Мукорез', '80+', '', 'В работе', NULL, 'Борисов А', '', ''),
('domains', 'maikeke.com', '212.192.2.78', 'CA', 'Джуди', 'Mediago', 'Мукорез', '80+', '', 'В работе', '2026-05-27', 'Борисов А', 'Модерация', ''),
('domains', 'neilwhitman.com', '212.192.2.76', '', '', '', 'Мукорез', '80+', '', 'Свободен', NULL, '', '', ''),
('domains', 'matonghungyen.com', '212.192.2.76', '', '', '', 'Мукорез', '80+', '', 'Свободен', NULL, '', '', ''),
('domains', 'crazyukulady.com', '212.192.2.76', '', '', '', 'Мукорез', '80+', '', 'Свободен', NULL, '', '', ''),
('domains', 'neobookmark.com', '212.192.2.76', '', '', '', 'Мукорез', '80+', '', 'Свободен', NULL, '', '', ''),
('domains', 'k12imc.com', '212.192.2.76', '', '', '', 'Мукорез', '80+', '', 'Свободен', NULL, '', '', ''),
('domains', 'californiareaming.com', '212.192.2.76', '', '', '', 'Мукорез', '80+', '', 'Свободен', NULL, '', '', ''),
('domains', 'freeadvertisingplatform.com', '212.192.2.76', '', '', '', 'Мукорез', '80+', '', 'Свободен', NULL, '', '', ''),
('domains', 'lauragrattan.com', '212.192.2.76', 'FR', 'Джуди', 'Taboola', 'Мукорез', '80+', '', 'В работе', '2026-05-21', 'Головань Е', 'Модерация', ''),
('domains', 'lauragrattan.com', '212.192.2.76', 'FR', 'Профессионал', 'Mediago', 'Мукорез', '80+', '', 'В работе', '2026-05-21', 'Головань Е', 'Модерация', ''),
('domains', 'lauragrattan.com', '212.192.2.76', 'FR', 'Джой', 'OutBrain', 'Мукорез', '80+', '', 'В работе', '2026-05-21', 'Головань Е', 'Модерация', ''),
('domains', 'badgerbrush.com', '212.192.2.76', 'FR', 'Профессионал', 'Taboola', 'Мукорез', '80+', '', 'В работе', '2026-05-21', 'Головань Е', 'Модерация', ''),
('domains', 'badgerbrush.com', '212.192.2.76', 'FR', 'Люкс', 'Mediago', 'Мукорез', '80+', 'JosephWhite1116@hotmail.com', 'В работе', '2026-05-21', 'Головань Е', 'Модерация', ''),
('domains', 'badgerbrush.com', '212.192.2.76', 'FR', 'Джуди', 'OutBrain', 'Мукорез', '80+', '', 'В работе', '2026-05-21', 'Головань Е', 'Модерация', ''),
('domains', 'logsns.com', '212.192.2.76', 'UK', 'Джуди', 'Taboola', 'Мукорез', '80+', '', 'В работе', '2026-05-21', 'Головань Е', 'Модерация', ''),
('domains', 'logsns.com', '212.192.2.76', 'UK', 'Люкс', 'Mediago', 'Мукорез', '80+', 'CaryGallagher21834@hotmail.com', 'В работе', '2026-05-21', 'Головань Е', 'Модерация', ''),
('domains', 'logsns.com', '212.192.2.76', 'UK', 'Профессионал', 'OutBrain', 'Мукорез', '80+', '', 'В работе', '2026-05-21', 'Головань Е', 'Модерация', ''),
('domains', 'gexingbu.com', '212.192.2.76', 'UK', 'Макан', 'Taboola', 'Мукорез', '80+', '', 'В работе', '2026-05-21', 'Головань Е', 'Модерация', ''),
('domains', 'gexingbu.com', '212.192.2.76', 'UK', 'Хьюго', 'OutBrain', 'Мукорез', '80+', '', 'В работе', '2026-05-21', 'Головань Е', 'Модерация', ''),
('domains', 'gexingbu.com', '212.192.2.76', 'UK', 'Усам', 'Mediago', 'Мукорез', '80+', 'был у Джуди поменяли на Усам', 'В работе', '2026-05-25', 'Головань Е', 'Модерация', ''),
('domains', 'castcold.com', '212.192.2.76', 'UK', 'Джуди', 'Taboola', 'Мукорез', '80+', '', 'В работе', '2026-05-21', 'Головань Е', 'Модерация', ''),
('domains', 'castcold.com', '212.192.2.76', 'UK', 'Усам', 'Mediago', 'Мукорез', '80+', '', 'В работе', '2026-05-21', 'Головань Е', 'Модерация', ''),
('domains', 'castcold.com', '212.192.2.76', 'UK', 'Люмос', 'OutBrain', 'Мукорез', '80+', '', 'В работе', '2026-05-21', 'Головань Е', 'Модерация', ''),
('domains', 'vipissyfan.com', '212.192.2.76', 'UK', 'Люмос', 'Taboola', 'Мукорез', '80+', '', 'В работе', '2026-05-21', 'Головань Е', 'Модерация', ''),
('domains', 'vipissyfan.com', '212.192.2.76', 'UK', 'Люкс', 'Mediago', 'Мукорез', '80+', 'EricWilkie116513@hotmail.com', 'В работе', '2026-05-21', 'Головань Е', 'Модерация', ''),
('domains', 'vipissyfan.com', '212.192.2.76', 'UK', 'Джой', 'OutBrain', 'Мукорез', '80+', '', 'В работе', '2026-05-21', 'Головань Е', 'Модерация', ''),
('domains', 'swakis.com', '212.192.2.76', 'UK', 'Хьюго', 'Taboola', 'Мукорез', '80+', '', 'В работе', '2026-05-21', 'Головань Е', 'Модерация', ''),
('domains', 'swakis.com', '212.192.2.76', 'UK', 'Люкс', 'Mediago', 'Мукорез', '80+', 'BarbaraWatson6095@hotmail.com', 'В работе', '2026-05-21', 'Головань Е', 'Модерация', ''),
('domains', 'swakis.com', '212.192.2.76', 'UK', 'Люмос', 'OutBrain', 'Мукорез', '80+', '', 'В работе', '2026-05-21', 'Головань Е', 'Модерация', ''),
('domains', 'confrontoerisparmio-info.com', '212.192.2.76', 'IT', 'Август', 'Taboola', 'Мукорез', '60-79', 'аделина отказ, 02,03 август на модерации', 'В работе', '2026-03-02', 'Масютенко С', 'Модерация', ''),
('domains', 'msultd.com', '212.192.2.76', 'GB', 'Август', 'Taboola', 'Мукорез', '80+', '', 'В работе', NULL, 'Есаян Э', 'Выдан', ''),
('domains', 'spectra-mentors.com', '152.89.28.92', 'DE', '', '', 'Мукорез', '60-79', '', 'В работе', NULL, 'Серка О', '', ''),
('domains', 'terriwada.com', '209.38.99.189', '', '', '', 'Пампура', '60-79', '', 'Свободен', NULL, '', '', ''),
('domains', 'sale-bay.com', '209.38.99.189', '', '', '', 'Пампура', '60-79', '', 'Свободен', NULL, '', '', ''),
('domains', 'soyglue.com', '209.38.99.189', '', '', '', 'Пампура', '60-79', '', 'Свободен', NULL, '', '', ''),
('domains', 'plutopoker.com', '209.38.99.189', '', '', '', 'Пампура', '60-79', '', 'Свободен', NULL, '', '', ''),
('domains', 'toondiva.com', '209.38.99.189', '', '', '', 'Пампура', '60-79', '', 'Свободен', NULL, '', '', ''),
('domains', 'tandiva.com', '209.38.99.189', '', '', '', 'Пампура', '60-79', '', 'Свободен', NULL, '', '', ''),
('domains', 'prepaidteam.com', '212.192.2.76', '', '', '', 'Мукорез', '60-79', '', 'Свободен', NULL, '', '', ''),
('domains', 'mudroslov.com', '212.192.2.76', '', '', '', 'Мукорез', '60-79', '', 'Свободен', NULL, '', '', ''),
('domains', 't-w-s.com', '212.192.2.76', '', '', '', 'Мукорез', '60-79', '', 'Свободен', NULL, '', '', ''),
('domains', 'vistacreator.com', '212.192.2.76', '', '', '', 'Мукорез', '60-79', '', 'Свободен', NULL, '', '', ''),
('domains', 'jeffwheatley.com', '212.192.2.78', '', '', '', 'Мукорез', '60-79', '', 'Свободен', NULL, '', '', ''),
('domains', 'escrowfox.com', '212.192.2.78', '', '', '', 'Мукорез', '60-79', '', 'Свободен', NULL, '', '', ''),
('domains', 'webinfopedia.com', '212.192.2.78', '', '', '', 'Мукорез', '60-79', '', 'Свободен', NULL, '', '', ''),
('domains', 'greenupload.com', '212.192.2.76', 'UK', 'Хьюго', '', 'Мукорез', '80+', 'Yahoo/NicholasSkarda59429@hotmail.com', 'В работе', NULL, 'Масютенко С', 'Принят', ''),
('domains', 'tutdan.com', '209.38.99.189', '', '', '', 'Пампура', '60-79', '', 'Свободен', NULL, '', '', ''),
('domains', 'heyertphoto.com', '209.38.99.189', '', '', '', 'Пампура', '60-79', '', 'Свободен', NULL, '', '', ''),
('domains', 'seosdk.com', '209.38.99.189', '', '', '', 'Пампура', '60-79', '', 'Свободен', NULL, '', '', ''),
('domains', 'ideainferno.com', '209.38.99.189', '', '', '', 'Пампура', '60-79', '', 'Свободен', NULL, '', '', ''),
('domains', 'faninferno.com', '209.38.99.189', '', '', '', 'Пампура', '60-79', '', 'Свободен', NULL, '', '', ''),
('domains', 'netprestige.com', '209.38.99.189', '', '', '', 'Пампура', '60-79', '', 'Свободен', NULL, '', '', ''),
('domains', 'pulqueescorpion.com', '209.38.99.189', '', '', '', 'Пампура', '60-79', '', 'Свободен', NULL, '', '', ''),
('domains', 'scorpionpulque.com', '209.38.99.189', '', '', '', 'Пампура', '60-79', '', 'Свободен', NULL, '', '', ''),
('domains', 'netoccupation.com', '209.38.99.189', '', '', '', 'Пампура', '60-79', '', 'Свободен', NULL, '', '', ''),
('domains', 'bcfloorsmd.com', '209.38.99.189', '', '', '', 'Пампура', '60-79', '', 'Свободен', NULL, '', '', ''),
('domains', 'cssupportcenter.com', '209.38.99.189', '', '', '', 'Пампура', '60-79', '', 'Свободен', NULL, '', '', ''),
('domains', 'favoriterunners.com', '209.38.99.189', '', '', '', 'Пампура', '60-79', '', 'Свободен', NULL, '', '', ''),
('domains', 'vrsolitaire.com', '209.38.99.189', '', '', '', 'Пампура', '60-79', '', 'Свободен', NULL, '', '', ''),
('domains', 'narassaranajaya.com', '209.38.99.189', '', '', '', 'Пампура', '60-79', '', 'Свободен', NULL, '', '', ''),
('domains', 'treadmillworx.com', '209.38.99.189', '', '', '', 'Пампура', '60-79', '', 'Свободен', NULL, '', '', ''),
('domains', 'jjipublishing.com', '212.192.2.78', '', '', '', 'Мукорез', '60-79', '', 'Свободен', NULL, '', '', ''),
('domains', 'tokyomotorsport.com', '212.192.2.78', '', '', '', 'Мукорез', '60-79', '', 'Свободен', NULL, '', '', ''),
('domains', 'myfarmvillage.com', '212.192.2.78', '', '', '', 'Мукорез', '60-79', '', 'Свободен', NULL, '', '', ''),
('domains', 'collagenshampoo.com', '212.192.2.78', '', '', '', 'Мукорез', '60-79', '', 'Свободен', NULL, '', '', ''),
('domains', 'shampoochile.com', '212.192.2.78', '', '', '', 'Мукорез', '60-79', '', 'Свободен', NULL, '', '', ''),
('domains', 'shampoochili.com', '212.192.2.78', '', '', '', 'Мукорез', '60-79', '', 'Свободен', NULL, '', '', ''),
('domains', 'chilishampoo.com', '212.192.2.78', '', '', '', 'Мукорез', '60-79', '', 'Свободен', NULL, '', '', ''),
('domains', 'memory-uae.com', '212.192.2.78', '', '', '', 'Мукорез', '60-79', '', 'Свободен', NULL, '', '', ''),
('domains', 'townofwarwick.com', '212.192.2.76', '', '', '', 'Мукорез', '60-79', '', 'Свободен', NULL, '', '', ''),
('domains', 'kalakhel.com', '212.192.2.76', '', '', '', 'Мукорез', '60-79', '', 'Свободен', NULL, '', '', ''),
('domains', 'daoqitv.com', '212.192.2.76', '', '', '', 'Мукорез', '60-79', '', 'Свободен', NULL, '', '', ''),
('domains', 'eviewit.com', '212.192.2.76', '', '', '', 'Мукорез', '60-79', '', 'Свободен', NULL, '', '', ''),
('domains', 'cgklegal.com', '212.192.2.76', '', '', '', 'Мукорез', '60-79', '', 'Свободен', NULL, '', '', ''),
('domains', 'sharonleal.com', '212.192.2.76', '', '', '', 'Мукорез', '60-79', '', 'Свободен', NULL, '', '', ''),
('domains', 'moogn.com', '212.192.2.76', '', '', '', 'Мукорез', '60-79', '', 'Свободен', NULL, '', '', ''),
('domains', 'sparkling-band.com', '', '', 'Лобби', 'Bing', 'Мукорез', '80+', '', 'В работе', NULL, 'Малимон С', 'Выдан', ''),
('domains', 'guyprowl.com', '212.192.2.76', 'FR', 'Джуди', 'Taboola', 'Мукорез', '80+', '', 'В работе', '2026-05-27', 'Серка О', 'Модерация', ''),
('domains', 'melaniewheaton.com', '212.192.2.78', 'FR', 'Профессионал', 'Taboola', 'Мукорез', '80+', '', 'В работе', '2026-05-27', 'Серка О', '', ''),
('domains', 'youwuss.com', '212.192.2.78', 'FR', 'Люкс', 'Taboola', 'Мукорез', '80+', 'SadieHayes9859@hotmail.com', 'В работе', '2026-05-27', 'Серка О', '', ''),
('domains', 'foxnipro.com', '212.192.2.78', 'GB', 'Профессионал', 'Taboola', 'Мукорез', '80+', '', 'В работе', '2026-05-27', 'Серка О', '', ''),
('domains', 'nastynuns.com', '212.192.2.78', 'AU', 'Август', 'Taboola', 'Мукорез', '80+', 'Был отказ Бинго', 'В работе', '2026-05-27', 'Головань Е', '', ''),
('domains', 'nastynuns.com', '212.192.2.78', 'AU', 'Джуди', 'Mediago', 'Мукорез', '80+', '', 'В работе', '2026-05-27', 'Головань Е', 'Модерация', ''),
('domains', 'nastynuns.com', '212.192.2.78', 'AU', 'Профессионал', 'OutBrain', 'Мукорез', '80+', '', 'В работе', '2026-05-27', 'Головань Е', 'Модерация', ''),
('domains', 'poweredbywill.com', '', 'UK', '', 'CondorX', 'Мукорез', '', 'Adrian.Bellamy@luntrixo.com', 'В работе', '2026-05-27', 'Серка О', '', ''),
('reused', 'bangedteenies.com', '209.38.99.189', 'FR', 'Джой', 'OutBrain', 'Пампура', '60-79', '', 'В работе', '2026-05-14', 'Репченко Н', 'Модерация', ''),
('reused', '7pregnant.com', '209.38.99.189', 'FR', 'Джуди', 'Mediago', 'Пампура', '80+', '', 'В работе', '2026-05-14', 'Репченко Н', 'Модерация', ''),
('reused', 'textbooks2.com', '209.38.99.189', 'GB', 'Усам', 'Mediago', 'Пампура', '80+', '', 'В работе', '2026-05-14', 'Репченко Н', 'Модерация', ''),
('reused', 'cadyv.com', '209.38.99.189', 'FR', 'Роззи', 'Mediago', 'Пампура', '80+', '', 'В работе', '2026-05-14', 'Репченко Н', 'Модерация', ''),
('reused', 'bbwadultdating.com', '209.38.99.189', 'FR', 'Роззи', 'Mediago', 'Пампура', '80+', '', 'В работе', '2026-05-14', 'Репченко Н', 'Модерация', ''),
('reused', 'xtockphoto.com', '209.38.99.189', 'PL', 'Хьюго', 'Taboola', 'Пампура', '60-79', '', 'В работе', '2026-05-14', 'Бумагина О', 'Модерация', ''),
('reused', 'xtockphoto.com', '209.38.99.189', 'PL', 'Усам', 'Mediago', 'Пампура', '60-79', '', 'В работе', '2026-05-14', 'Бумагина О', 'Модерация', ''),
('reused', 'xtockphoto.com', '209.38.99.189', 'PL', 'Усам', 'Mediago', 'Пампура', '60-79', 'VeraTrujeque79809@hotmail.com', 'В работе', '2026-05-14', 'Бумагина О', 'Выдан', ''),
('reused', 'diaosu688.com', '209.38.99.189', 'PL', 'Макан', 'Mediago', 'Пампура', '80+', '', 'В работе', '2026-05-14', 'Бумагина О', 'Модерация', ''),
('reused', 'finalexpensehelp.com', '209.38.99.189', 'PL', 'Макан', 'Mediago', 'Пампура', '80+', '', 'В работе', '2026-05-14', 'Бумагина О', 'Модерация', ''),
('reused', 'poruchki.com', '209.38.99.189', 'PL', 'Джуди', 'Mediago', 'Пампура', '60-79', '', 'В работе', '2026-05-14', 'Бумагина О', 'Модерация', ''),
('reused', 'caojiaoshou.com', '209.38.99.189', 'GB', 'Макан', 'Mediago', 'Пампура', '80+', '', 'В работе', '2026-05-15', 'Романенко Н', 'Модерация', ''),
('reused', 'voiptelefonia.com', '209.38.99.189', 'GB', 'Джуди', 'Mediago', 'Пампура', '60-79', '', 'В работе', '2026-05-15', 'Романенко Н', 'Модерация', ''),
('reused', 'grtsol.com', '209.38.99.189', 'FR', 'Макан', 'Mediago', 'Пампура', '60-79', '', 'В работе', '2026-05-15', 'Романенко Н', 'Модерация', ''),
('reused', 'costumeswigs.com', '209.38.99.189', 'FR', 'Усам', 'Mediago', 'Пампура', '60-79', '', 'В работе', '2026-05-15', 'Романенко Н', 'Модерация', ''),
('reused', 'kachroo.com', '209.38.99.189', 'ES', 'Бинго Нексус', 'Taboola', 'Пампура', '60-79', 'ClydeLopez61065@hotmail.com', 'В работе', '2026-05-06', 'Форов М', 'Модерация', ''),
('reused', 'kachroo.com', '209.38.99.189', 'FR', 'Усам', 'Mediago', 'Пампура', '60-79', '', 'В работе', '2026-05-06', 'Форов М', 'Модерация', ''),
('reused', 'peerlesspearls.com', '209.38.99.189', 'DE', 'Макан', 'Mediago', 'Пампура', '60-79', '', 'В работе', '2026-04-27', 'Форов М', 'Модерация', ''),
('reused', 'midamgrain.com', '209.38.99.189', 'DE', 'Макан', 'Mediago', 'Пампура', '60-79', '', 'В работе', '2026-04-27', 'Форов М', 'Модерация', ''),
('reused', 'brunobreloaded.com', '209.38.99.189', 'DE', 'Макан', 'Mediago', 'Пампура', '60-79', '', 'В работе', '2026-04-27', 'Форов М', 'Модерация', ''),
('reused', 'iitforum.com', '209.38.99.189', 'DE', 'Джуди', 'Mediago', 'Пампура', '60-79', '', 'В работе', '2026-04-27', 'Форов М', 'Модерация', ''),
('reused', 'deejayfoto.com', '209.38.99.189', 'FR', 'Профессионал', 'Mediago', 'Пампура', '80+', '', 'В работе', '2026-05-14', 'Форов М', 'Модерация', ''),
('reused', 'csprinter.com', '209.38.99.189', 'FR', 'Профессионал', 'Mediago', 'Пампура', '60-79', '', 'В работе', '2026-05-06', 'Форов М', 'Модерация', ''),
('reused', 'nealhere.com', '209.38.99.189', 'FR', 'Усам', 'Mediago', 'Пампура', '60-79', '', 'В работе', '2026-05-06', 'Форов М', 'Модерация', ''),
('reused', 'luxurysantorinihotels.com', '209.38.99.189', 'CZ', 'Макан', 'Taboola', 'Пампура', '80+', '', 'В работе', '2026-05-14', 'Шепалова К', 'Модерация', ''),
('reused', 'africarecords.com', '209.38.99.189', 'PT', 'Джуди', 'Taboola', 'Пампура', '60-79', '', 'В работе', '2026-04-27', 'Шепалова К', 'Модерация', ''),
('reused', 'hoponwi.com', '209.38.99.189', 'CZ', 'Профессионал', 'Taboola', 'Пампура', '60-79', '', 'В работе', '2026-05-14', 'Шепалова К', 'Модерация', ''),
('reused', 'iitforum.com', '209.38.99.189', 'ES', 'Джуди', 'Taboola', 'Пампура', '60-79', '', 'В работе', '2026-05-27', 'Форов М', 'Модерация', ''),
('reused', 'brunobreloaded.com', '209.38.99.189', 'ES', '', 'Taboola', 'Пампура', '60-79', '', 'В работе', '2026-05-27', 'Форов М', 'Модерация', ''),
('reused', 'peerlesspearls.com', '209.38.99.189', 'ES', 'Люкс', 'Taboola', 'Пампура', '60-79', '', 'В работе', '2026-05-27', 'Форов М', 'Модерация', ''),
('reused', 'midamgrain.com', '209.38.99.189', 'ES', 'Август', 'Taboola', 'Пампура', '60-79', '', 'В работе', '2026-05-27', 'Форов М', 'Модерация', '');